-- phpMyAdmin SQL Dump
-- version 4.7.4
-- https://www.phpmyadmin.net/
--
-- Host: 127.0.0.1:3306
-- Generation Time: Dec 08, 2017 at 04:19 AM
-- Server version: 5.7.19
-- PHP Version: 5.6.31

SET SQL_MODE = "NO_AUTO_VALUE_ON_ZERO";
SET AUTOCOMMIT = 0;
START TRANSACTION;
SET time_zone = "+00:00";


/*!40101 SET @OLD_CHARACTER_SET_CLIENT=@@CHARACTER_SET_CLIENT */;
/*!40101 SET @OLD_CHARACTER_SET_RESULTS=@@CHARACTER_SET_RESULTS */;
/*!40101 SET @OLD_COLLATION_CONNECTION=@@COLLATION_CONNECTION */;
/*!40101 SET NAMES utf8mb4 */;

--
-- Database: `project`
--

-- --------------------------------------------------------

--
-- Table structure for table `athlete`
--

DROP TABLE IF EXISTS `athlete`;
CREATE TABLE IF NOT EXISTS `athlete` (
  `id` int(10) UNSIGNED NOT NULL AUTO_INCREMENT,
  `fname` varchar(128) NOT NULL,
  `lname` varchar(128) NOT NULL,
  `position` varchar(128) DEFAULT NULL,
  `academic_level` varchar(20) DEFAULT NULL,
  `street_current` varchar(128) DEFAULT NULL,
  `city_current` varchar(128) DEFAULT NULL,
  `state_current` varchar(128) DEFAULT NULL,
  `zip_current` char(5) DEFAULT NULL,
  `street_hometown` varchar(128) DEFAULT NULL,
  `city_hometown` varchar(128) DEFAULT NULL,
  `state_hometown` varchar(128) DEFAULT NULL,
  `zip_hometown` char(5) DEFAULT NULL,
  `phone` char(10) DEFAULT NULL,
  `team_id` int(10) UNSIGNED NOT NULL,
  PRIMARY KEY (`id`),
  KEY `team_id` (`team_id`)
) ENGINE=InnoDB AUTO_INCREMENT=299 DEFAULT CHARSET=latin1;

--
-- Dumping data for table `athlete`
--

INSERT INTO `athlete` (`id`, `fname`, `lname`, `position`, `academic_level`, `street_current`, `city_current`, `state_current`, `zip_current`, `street_hometown`, `city_hometown`, `state_hometown`, `zip_hometown`, `phone`, `team_id`) VALUES
(1, 'Laura', 'Hansen', 'Corner', 'Junior', '5879 South 1222 West', 'Las Vegas', 'NV', '19837', '2840 South 3757 East', 'Las Vegas', 'NV', '19837', '5732901936', 6),
(2, 'Marcy', 'Tice', 'Goalie', 'Freshman', '6493 South 9847 East', 'Bismarck', 'ND', '28895', '2858 North 8765 East', 'Bismarck', 'ND', '28895', '1483829758', 7),
(3, 'Alex', 'Johnson', 'Quarterback', 'Sophmore', '1979 South 4981 East', 'Seattle', 'WA', '56290', '8208 North 9002 East', 'Seattle', 'WA', '56290', '6750593335', 4),
(4, 'Carrie', 'Bishoff', 'Outfielder', 'Junior', '6755 North 8634 East', 'Las Vegas', 'UT', '84101', '3174 South 7720 West', 'Las Vegas', 'UT', '84101', '2459262343', 3),
(5, 'Megan', 'Byron', 'Running Back', 'Sophmore', '4802 South 5475 West', 'Pierre', 'SD', '73520', '4380 South 1355 East', 'Pierre', 'SD', '73520', '5454581551', 10),
(6, 'Laura', 'Hansen', 'Corner', 'Junior', '3340 North 3362 West', 'Las Vegas', 'NV', '19837', '9384 South 1920 East', 'Las Vegas', 'NV', '19837', '8242960421', 3),
(7, 'Stephanie', 'Pales', 'Tackle', 'Freshman', '9730 North 5066 West', 'Portland', 'OR', '12958', '7828 North 2521 West', 'Portland', 'OR', '12958', '9579413628', 4),
(8, 'Marcy', 'Tice', 'Goalie', 'Freshman', '8940 South 9835 West', 'Bismarck', 'ND', '28895', '3630 North 5669 East', 'Bismarck', 'ND', '28895', '9679443621', 9),
(9, 'Chris', 'Burr', 'Catcher', 'Freshman', '1403 North 5916 East', 'Bismarck', 'UT', '84101', '3635 South 4934 East', 'Bismarck', 'UT', '84101', '6776688633', 6),
(10, 'Alex', 'Johnson', 'Quarterback', 'Sophmore', '1899 North 9702 West', 'Seattle', 'WA', '56290', '7619 South 3338 West', 'Seattle', 'WA', '56290', '4563545936', 6),
(11, 'Alicia', 'McKay', 'Defense', 'Senior', '3102 North 2140 West', 'Berkley', 'CA', '84050', '7848 South 6869 West', 'Berkley', 'CA', '84050', '2782628128', 13),
(12, 'Carrie', 'Bishoff', 'Outfielder', 'Junior', '9457 North 8581 East', 'Las Vegas', 'UT', '84101', '1147 South 9230 West', 'Las Vegas', 'UT', '84101', '6887960686', 5),
(13, 'John', 'Jensen', 'Forward', 'Sophmore', '8530 South 5224 West', 'Tempe', 'AZ', '85765', '5398 North 7595 East', 'Tempe', 'AZ', '85765', '6712911681', 6),
(14, 'Randy', 'Peirce', 'Pitcher', 'Sophmore', '3672 South 1821 East', 'Pierre', 'UT', '84101', '5907 South 2513 East', 'Pierre', 'UT', '84101', '2050364552', 5),
(15, 'Marcy', 'Tice', 'Goalie', 'Freshman', '1920 South 1273 East', 'Bismarck', 'ND', '28895', '1827 North 5012 West', 'Bismarck', 'ND', '28895', '9732859605', 10),
(16, 'Carrie', 'Bishoff', 'Outfielder', 'Junior', '3740 North 1958 East', 'Las Vegas', 'UT', '84101', '3367 North 4138 West', 'Las Vegas', 'UT', '84101', '4719814406', 10),
(17, 'Jilian', 'Allen', 'Winger', 'Junior', '1401 North 7859 East', 'Los Angeles', 'CA', '26848', '3573 South 5882 West', 'Los Angeles', 'CA', '26848', '8763466386', 6),
(18, 'Stephanie', 'Pales', 'Tackle', 'Freshman', '5160 South 7909 East', 'Portland', 'OR', '12958', '8154 South 4363 West', 'Portland', 'OR', '12958', '7263457354', 7),
(19, 'Nicole', 'Tindal', 'Offensive Lineman', 'Senior', '2715 North 3949 East', 'Provo', 'UT', '75673', '3833 North 6674 East', 'Provo', 'UT', '75673', '1404089337', 5),
(20, 'Jeremy', 'Groves', 'Defensinve Tackle', 'Freshman', '1072 South 1606 West', 'Brooklynn', 'NY', '76485', '8283 North 6099 East', 'Brooklynn', 'NY', '76485', '9984027305', 13),
(21, 'Jilian', 'Allen', 'Winger', 'Junior', '2187 North 3791 East', 'Los Angeles', 'CA', '26848', '6985 South 1577 West', 'Los Angeles', 'CA', '26848', '9882226268', 13),
(22, 'Nicole', 'Tindal', 'Offensive Lineman', 'Senior', '3650 North 3646 East', 'Provo', 'UT', '75673', '7020 North 8595 West', 'Provo', 'UT', '75673', '4268986060', 12),
(23, 'Chris', 'Burr', 'Catcher', 'Freshman', '6264 South 1056 East', 'Bismarck', 'UT', '84101', '1996 South 4133 West', 'Bismarck', 'UT', '84101', '2946246901', 5),
(24, 'Joe', 'Smith', 'Center', 'Junior', '9769 North 9524 East', 'Phoenix', 'AZ', '76102', '5272 North 3242 East', 'Phoenix', 'AZ', '76102', '9326278706', 13),
(25, 'Laura', 'Hansen', 'Corner', 'Junior', '6776 North 8105 West', 'Las Vegas', 'NV', '19837', '6808 North 7800 East', 'Las Vegas', 'NV', '19837', '1410439702', 5),
(26, 'Randy', 'Peirce', 'Pitcher', 'Sophmore', '8798 North 7932 West', 'Pierre', 'UT', '84101', '8924 South 9786 West', 'Pierre', 'UT', '84101', '2234760067', 4),
(27, 'John', 'Jensen', 'Forward', 'Sophmore', '3321 South 9123 East', 'Tempe', 'AZ', '85765', '6536 South 1998 West', 'Tempe', 'AZ', '85765', '1821476887', 4),
(28, 'Alex', 'Johnson', 'Quarterback', 'Sophmore', '5095 North 9905 East', 'Seattle', 'WA', '56290', '2537 North 7425 East', 'Seattle', 'WA', '56290', '6228197083', 1),
(29, 'Laura', 'Hansen', 'Corner', 'Junior', '6730 North 6801 East', 'Las Vegas', 'NV', '19837', '4199 South 7777 East', 'Las Vegas', 'NV', '19837', '4978886035', 6),
(30, 'Bob', 'Taylor', 'Right Wing', 'Senior', '5807 North 4094 East', 'Salt Lake City', 'UT', '84101', '1774 South 3824 West', 'Salt Lake City', 'UT', '84101', '6743141610', 13),
(31, 'Nicole', 'Tindal', 'Offensive Lineman', 'Senior', '3235 South 6382 East', 'Provo', 'UT', '75673', '3672 South 7146 West', 'Provo', 'UT', '75673', '5619925614', 6),
(32, 'Bob', 'Taylor', 'Right Wing', 'Senior', '3135 North 5654 East', 'Salt Lake City', 'UT', '84101', '7516 North 5948 West', 'Salt Lake City', 'UT', '84101', '5666948363', 8),
(33, 'Carrie', 'Bishoff', 'Outfielder', 'Junior', '6766 North 6607 West', 'Las Vegas', 'UT', '84101', '6228 North 7579 East', 'Las Vegas', 'UT', '84101', '8064164465', 12),
(34, 'Carrie', 'Bishoff', 'Outfielder', 'Junior', '4894 North 6409 West', 'Las Vegas', 'UT', '84101', '8423 North 1636 East', 'Las Vegas', 'UT', '84101', '2005416440', 13),
(35, 'Marcy', 'Tice', 'Goalie', 'Freshman', '5995 South 7925 West', 'Bismarck', 'ND', '28895', '4458 South 4910 East', 'Bismarck', 'ND', '28895', '5815119431', 13),
(36, 'Laura', 'Hansen', 'Corner', 'Junior', '7993 North 6673 West', 'Las Vegas', 'NV', '19837', '5158 North 7309 West', 'Las Vegas', 'NV', '19837', '8160856762', 9),
(37, 'Marcy', 'Tice', 'Goalie', 'Freshman', '2955 North 8927 West', 'Bismarck', 'ND', '28895', '4353 South 4536 West', 'Bismarck', 'ND', '28895', '3510593783', 7),
(38, 'Jilian', 'Allen', 'Winger', 'Junior', '6847 North 1168 East', 'Los Angeles', 'CA', '26848', '3254 South 6062 West', 'Los Angeles', 'CA', '26848', '8416695204', 14),
(39, 'Carrie', 'Bishoff', 'Outfielder', 'Junior', '1100 North 3539 West', 'Las Vegas', 'UT', '84101', '6573 South 2398 West', 'Las Vegas', 'UT', '84101', '2258458271', 8),
(40, 'Chris', 'Burr', 'Catcher', 'Freshman', '7670 South 3729 West', 'Bismarck', 'UT', '84101', '5386 South 6382 East', 'Bismarck', 'UT', '84101', '3363860523', 5),
(41, 'Randy', 'Peirce', 'Pitcher', 'Sophmore', '2083 South 5244 West', 'Pierre', 'UT', '84101', '7167 North 7995 East', 'Pierre', 'UT', '84101', '3693831920', 11),
(42, 'Alex', 'Johnson', 'Quarterback', 'Sophmore', '7404 South 1413 East', 'Seattle', 'WA', '56290', '4644 North 2949 West', 'Seattle', 'WA', '56290', '5269594393', 9),
(43, 'Laura', 'Hansen', 'Corner', 'Junior', '1980 North 3316 East', 'Las Vegas', 'NV', '19837', '9578 South 2901 West', 'Las Vegas', 'NV', '19837', '4875634790', 2),
(44, 'Bob', 'Taylor', 'Right Wing', 'Senior', '9596 South 1897 East', 'Salt Lake City', 'UT', '84101', '9217 North 5952 West', 'Salt Lake City', 'UT', '84101', '6493607397', 14),
(45, 'Megan', 'Byron', 'Running Back', 'Sophmore', '8386 South 6424 West', 'Pierre', 'SD', '73520', '6420 North 6976 East', 'Pierre', 'SD', '73520', '6118473458', 12),
(46, 'Stephanie', 'Pales', 'Tackle', 'Freshman', '2293 South 8911 East', 'Portland', 'OR', '12958', '5186 South 5093 West', 'Portland', 'OR', '12958', '8599886008', 12),
(47, 'Kim', 'Lord', 'First Base', 'Senior', '3737 North 3565 East', 'Provo', 'UT', '84101', '9247 South 1474 East', 'Provo', 'UT', '84101', '8117986493', 13),
(48, 'Nicole', 'Tindal', 'Offensive Lineman', 'Senior', '6570 South 3956 East', 'Provo', 'UT', '75673', '5679 South 9483 East', 'Provo', 'UT', '75673', '3203661373', 3),
(49, 'Jeremy', 'Groves', 'Defensinve Tackle', 'Freshman', '5330 South 4621 East', 'Brooklynn', 'NY', '76485', '9666 North 3744 East', 'Brooklynn', 'NY', '76485', '4336180508', 5),
(50, 'Alex', 'Johnson', 'Quarterback', 'Sophmore', '3863 North 4801 East', 'Seattle', 'WA', '56290', '8977 North 3527 East', 'Seattle', 'WA', '56290', '4965603954', 11),
(51, 'Marcy', 'Tice', 'Goalie', 'Freshman', '8583 South 2440 East', 'Bismarck', 'ND', '28895', '7164 North 2603 West', 'Bismarck', 'ND', '28895', '1207464959', 8),
(52, 'John', 'Jensen', 'Forward', 'Sophmore', '9278 North 9259 West', 'Tempe', 'AZ', '85765', '7484 South 6887 East', 'Tempe', 'AZ', '85765', '3279764995', 6),
(53, 'Alicia', 'McKay', 'Defense', 'Senior', '5227 North 3762 West', 'Berkley', 'CA', '84050', '6606 North 6510 East', 'Berkley', 'CA', '84050', '6542246656', 5),
(54, 'John', 'Jensen', 'Forward', 'Sophmore', '6889 North 9242 East', 'Tempe', 'AZ', '85765', '4159 South 3595 East', 'Tempe', 'AZ', '85765', '1991245799', 8),
(55, 'Carrie', 'Bishoff', 'Outfielder', 'Junior', '6739 North 9426 East', 'Las Vegas', 'UT', '84101', '3542 South 7819 East', 'Las Vegas', 'UT', '84101', '5321738196', 12),
(56, 'Jeremy', 'Groves', 'Defensinve Tackle', 'Freshman', '7831 North 2221 East', 'Brooklynn', 'NY', '76485', '1578 North 6850 West', 'Brooklynn', 'NY', '76485', '6463405983', 1),
(57, 'Joe', 'Smith', 'Center', 'Junior', '3656 South 8158 East', 'Phoenix', 'AZ', '76102', '2740 North 1418 East', 'Phoenix', 'AZ', '76102', '5793990521', 4),
(58, 'Joe', 'Smith', 'Center', 'Junior', '9538 South 9227 East', 'Phoenix', 'AZ', '76102', '4190 South 4463 East', 'Phoenix', 'AZ', '76102', '5921739833', 13),
(59, 'Marcy', 'Tice', 'Goalie', 'Freshman', '2181 South 3149 East', 'Bismarck', 'ND', '28895', '9670 North 7391 East', 'Bismarck', 'ND', '28895', '5369272509', 6),
(60, 'Laura', 'Hansen', 'Corner', 'Junior', '7147 South 6847 West', 'Las Vegas', 'NV', '19837', '1587 South 1715 East', 'Las Vegas', 'NV', '19837', '4205355067', 6),
(61, 'Kim', 'Lord', 'First Base', 'Senior', '9855 South 4002 East', 'Provo', 'UT', '84101', '1434 South 4460 East', 'Provo', 'UT', '84101', '1363462173', 14),
(62, 'Bob', 'Taylor', 'Right Wing', 'Senior', '1318 North 8096 East', 'Salt Lake City', 'UT', '84101', '8416 South 1952 West', 'Salt Lake City', 'UT', '84101', '7066885618', 9),
(63, 'Alex', 'Johnson', 'Quarterback', 'Sophmore', '3888 South 5741 East', 'Seattle', 'WA', '56290', '6402 South 1670 West', 'Seattle', 'WA', '56290', '6128136380', 4),
(64, 'Marcy', 'Tice', 'Goalie', 'Freshman', '2577 North 8791 East', 'Bismarck', 'ND', '28895', '1031 South 1175 West', 'Bismarck', 'ND', '28895', '5883278774', 13),
(65, 'Jeremy', 'Groves', 'Defensinve Tackle', 'Freshman', '3458 South 3392 East', 'Brooklynn', 'NY', '76485', '5107 North 7025 East', 'Brooklynn', 'NY', '76485', '9171443565', 7),
(66, 'Kim', 'Lord', 'First Base', 'Senior', '1251 South 3766 West', 'Provo', 'UT', '84101', '7661 North 8905 East', 'Provo', 'UT', '84101', '4138119926', 2),
(67, 'Chris', 'Burr', 'Catcher', 'Freshman', '1252 North 5910 West', 'Bismarck', 'UT', '84101', '9013 North 7907 West', 'Bismarck', 'UT', '84101', '5200153101', 13),
(68, 'Megan', 'Byron', 'Running Back', 'Sophmore', '3942 South 7497 West', 'Pierre', 'SD', '73520', '7926 North 8022 West', 'Pierre', 'SD', '73520', '8827096232', 10),
(69, 'Chris', 'Burr', 'Catcher', 'Freshman', '5277 South 5717 West', 'Bismarck', 'UT', '84101', '8412 South 7586 East', 'Bismarck', 'UT', '84101', '6227990266', 2),
(70, 'John', 'Jensen', 'Forward', 'Sophmore', '7118 South 3545 West', 'Tempe', 'AZ', '85765', '1244 South 5098 West', 'Tempe', 'AZ', '85765', '6555430446', 1),
(71, 'Nicole', 'Tindal', 'Offensive Lineman', 'Senior', '7692 North 2910 West', 'Provo', 'UT', '75673', '6635 North 1979 East', 'Provo', 'UT', '75673', '5533305997', 6),
(72, 'Megan', 'Byron', 'Running Back', 'Sophmore', '3308 North 7602 West', 'Pierre', 'SD', '73520', '4122 North 3467 East', 'Pierre', 'SD', '73520', '2971354099', 5),
(73, 'Jilian', 'Allen', 'Winger', 'Junior', '7682 North 3077 East', 'Los Angeles', 'CA', '26848', '2368 North 4989 West', 'Los Angeles', 'CA', '26848', '8212333196', 7),
(74, 'Jilian', 'Allen', 'Winger', 'Junior', '6251 South 3748 West', 'Los Angeles', 'CA', '26848', '1985 North 4725 East', 'Los Angeles', 'CA', '26848', '8517053680', 13),
(75, 'Megan', 'Byron', 'Running Back', 'Sophmore', '8664 North 8866 West', 'Pierre', 'SD', '73520', '8181 North 4864 West', 'Pierre', 'SD', '73520', '8995331486', 1),
(76, 'Carrie', 'Bishoff', 'Outfielder', 'Junior', '1782 South 1520 West', 'Las Vegas', 'UT', '84101', '9463 North 2640 East', 'Las Vegas', 'UT', '84101', '4571997774', 1),
(77, 'Randy', 'Peirce', 'Pitcher', 'Sophmore', '3859 North 3831 West', 'Pierre', 'UT', '84101', '8190 South 5910 West', 'Pierre', 'UT', '84101', '6166326222', 8),
(78, 'Nicole', 'Tindal', 'Offensive Lineman', 'Senior', '1294 South 3173 East', 'Provo', 'UT', '75673', '6208 South 9494 East', 'Provo', 'UT', '75673', '1387951748', 4),
(79, 'Laura', 'Hansen', 'Corner', 'Junior', '3295 South 2943 West', 'Las Vegas', 'NV', '19837', '8231 North 8444 East', 'Las Vegas', 'NV', '19837', '2063967979', 6),
(80, 'Joe', 'Smith', 'Center', 'Junior', '8731 South 1074 West', 'Phoenix', 'AZ', '76102', '8265 South 8783 West', 'Phoenix', 'AZ', '76102', '6329027222', 4),
(81, 'John', 'Jensen', 'Forward', 'Sophmore', '1096 North 1181 East', 'Tempe', 'AZ', '85765', '1558 South 8738 West', 'Tempe', 'AZ', '85765', '2732620905', 14),
(82, 'Megan', 'Byron', 'Running Back', 'Sophmore', '5186 South 9933 West', 'Pierre', 'SD', '73520', '8467 South 6854 West', 'Pierre', 'SD', '73520', '4027362635', 1),
(83, 'Nicole', 'Tindal', 'Offensive Lineman', 'Senior', '7767 North 1045 East', 'Provo', 'UT', '75673', '1105 North 1759 West', 'Provo', 'UT', '75673', '9557503298', 14),
(84, 'Nicole', 'Tindal', 'Offensive Lineman', 'Senior', '5838 North 1867 West', 'Provo', 'UT', '75673', '5944 North 7083 East', 'Provo', 'UT', '75673', '7458734796', 7),
(85, 'Jilian', 'Allen', 'Winger', 'Junior', '1704 South 8586 East', 'Los Angeles', 'CA', '26848', '3229 South 9149 East', 'Los Angeles', 'CA', '26848', '1447745658', 12),
(86, 'Nicole', 'Tindal', 'Offensive Lineman', 'Senior', '3664 North 3091 West', 'Provo', 'UT', '75673', '4768 South 4871 East', 'Provo', 'UT', '75673', '1435908073', 9),
(87, 'Randy', 'Peirce', 'Pitcher', 'Sophmore', '2434 South 6878 East', 'Pierre', 'UT', '84101', '3713 North 8864 East', 'Pierre', 'UT', '84101', '6364985309', 3),
(88, 'Megan', 'Byron', 'Running Back', 'Sophmore', '9722 North 8980 East', 'Pierre', 'SD', '73520', '4060 North 2239 East', 'Pierre', 'SD', '73520', '1886866088', 9),
(89, 'Chris', 'Burr', 'Catcher', 'Freshman', '6417 North 4019 West', 'Bismarck', 'UT', '84101', '8873 South 4625 East', 'Bismarck', 'UT', '84101', '2957097867', 6),
(90, 'Jeremy', 'Groves', 'Defensinve Tackle', 'Freshman', '8129 South 3388 West', 'Brooklynn', 'NY', '76485', '2045 North 1650 East', 'Brooklynn', 'NY', '76485', '3249518189', 6),
(91, 'Marcy', 'Tice', 'Goalie', 'Freshman', '7177 North 5476 West', 'Bismarck', 'ND', '28895', '4160 North 8969 East', 'Bismarck', 'ND', '28895', '2537766980', 5),
(92, 'Stephanie', 'Pales', 'Tackle', 'Freshman', '5622 South 7317 East', 'Portland', 'OR', '12958', '8468 South 7602 West', 'Portland', 'OR', '12958', '5364206045', 8),
(93, 'Stephanie', 'Pales', 'Tackle', 'Freshman', '5306 South 6635 East', 'Portland', 'OR', '12958', '1631 North 4148 West', 'Portland', 'OR', '12958', '6963222705', 13),
(94, 'Jilian', 'Allen', 'Winger', 'Junior', '5170 North 2850 East', 'Los Angeles', 'CA', '26848', '8953 South 2109 West', 'Los Angeles', 'CA', '26848', '7921810020', 13),
(95, 'Laura', 'Hansen', 'Corner', 'Junior', '7842 North 8895 East', 'Las Vegas', 'NV', '19837', '3289 North 1077 East', 'Las Vegas', 'NV', '19837', '3304810999', 9),
(96, 'Alex', 'Johnson', 'Quarterback', 'Sophmore', '1086 South 6176 West', 'Seattle', 'WA', '56290', '9805 North 2408 East', 'Seattle', 'WA', '56290', '3323459729', 10),
(97, 'Alex', 'Johnson', 'Quarterback', 'Sophmore', '2319 South 3383 West', 'Seattle', 'WA', '56290', '9385 North 6228 West', 'Seattle', 'WA', '56290', '2388708133', 13),
(98, 'Alicia', 'McKay', 'Defense', 'Senior', '5521 South 5078 West', 'Berkley', 'CA', '84050', '2445 North 8611 East', 'Berkley', 'CA', '84050', '3818105628', 13),
(99, 'Bob', 'Taylor', 'Right Wing', 'Senior', '8908 North 2646 East', 'Salt Lake City', 'UT', '84101', '1795 South 9475 West', 'Salt Lake City', 'UT', '84101', '2377275633', 5),
(100, 'Alex', 'Johnson', 'Quarterback', 'Sophmore', '2498 South 4843 East', 'Seattle', 'WA', '56290', '7397 North 5427 East', 'Seattle', 'WA', '56290', '1634626015', 1),
(101, 'Jilian', 'Allen', 'Winger', 'Junior', '3492 South 3117 West', 'Los Angeles', 'CA', '26848', '9536 South 7520 East', 'Los Angeles', 'CA', '26848', '5163536982', 4),
(102, 'Megan', 'Byron', 'Running Back', 'Sophmore', '3558 South 5162 East', 'Pierre', 'SD', '73520', '8540 North 7139 West', 'Pierre', 'SD', '73520', '2034736252', 11),
(103, 'Alex', 'Johnson', 'Quarterback', 'Sophmore', '9425 South 1519 West', 'Seattle', 'WA', '56290', '7764 North 1735 West', 'Seattle', 'WA', '56290', '3190721902', 9),
(104, 'Stephanie', 'Pales', 'Tackle', 'Freshman', '8883 South 8990 West', 'Portland', 'OR', '12958', '5006 South 6381 East', 'Portland', 'OR', '12958', '3428475327', 4),
(105, 'John', 'Jensen', 'Forward', 'Sophmore', '7229 South 2844 East', 'Tempe', 'AZ', '85765', '3351 North 2301 East', 'Tempe', 'AZ', '85765', '4321605961', 14),
(106, 'Alex', 'Johnson', 'Quarterback', 'Sophmore', '9915 North 6622 West', 'Seattle', 'WA', '56290', '3202 South 7992 West', 'Seattle', 'WA', '56290', '2816541008', 3),
(107, 'Randy', 'Peirce', 'Pitcher', 'Sophmore', '5453 South 8115 West', 'Pierre', 'UT', '84101', '5400 South 5793 West', 'Pierre', 'UT', '84101', '6034398065', 14),
(108, 'John', 'Jensen', 'Forward', 'Sophmore', '6538 North 2419 West', 'Tempe', 'AZ', '85765', '5742 South 4474 West', 'Tempe', 'AZ', '85765', '9666539166', 5),
(109, 'Chris', 'Burr', 'Catcher', 'Freshman', '4615 North 5094 East', 'Bismarck', 'UT', '84101', '4654 South 6198 East', 'Bismarck', 'UT', '84101', '1744966699', 3),
(110, 'Nicole', 'Tindal', 'Offensive Lineman', 'Senior', '9569 North 7672 East', 'Provo', 'UT', '75673', '1468 North 6953 West', 'Provo', 'UT', '75673', '5423536090', 1),
(111, 'Bob', 'Taylor', 'Right Wing', 'Senior', '4923 North 7682 West', 'Salt Lake City', 'UT', '84101', '5730 South 9773 East', 'Salt Lake City', 'UT', '84101', '8147378235', 14),
(112, 'Jilian', 'Allen', 'Winger', 'Junior', '6842 North 6365 East', 'Los Angeles', 'CA', '26848', '5561 South 1202 West', 'Los Angeles', 'CA', '26848', '1689591299', 9),
(113, 'Carrie', 'Bishoff', 'Outfielder', 'Junior', '5770 South 2110 East', 'Las Vegas', 'UT', '84101', '7162 South 3708 East', 'Las Vegas', 'UT', '84101', '6750630672', 4),
(114, 'Jilian', 'Allen', 'Winger', 'Junior', '8060 South 4599 West', 'Los Angeles', 'CA', '26848', '4540 North 2498 West', 'Los Angeles', 'CA', '26848', '1985449395', 3),
(115, 'John', 'Jensen', 'Forward', 'Sophmore', '3354 North 2496 West', 'Tempe', 'AZ', '85765', '1280 South 9568 West', 'Tempe', 'AZ', '85765', '6467871569', 3),
(116, 'Jilian', 'Allen', 'Winger', 'Junior', '2957 South 3124 East', 'Los Angeles', 'CA', '26848', '2003 South 8125 East', 'Los Angeles', 'CA', '26848', '4165292116', 10),
(117, 'Nicole', 'Tindal', 'Offensive Lineman', 'Senior', '9651 North 3824 West', 'Provo', 'UT', '75673', '7393 North 1567 West', 'Provo', 'UT', '75673', '9815394440', 6),
(118, 'Marcy', 'Tice', 'Goalie', 'Freshman', '4786 North 1971 West', 'Bismarck', 'ND', '28895', '2153 North 9060 East', 'Bismarck', 'ND', '28895', '9421090952', 8),
(119, 'Nicole', 'Tindal', 'Offensive Lineman', 'Senior', '4961 South 8278 West', 'Provo', 'UT', '75673', '3943 South 2339 West', 'Provo', 'UT', '75673', '4217113231', 3),
(120, 'Alex', 'Johnson', 'Quarterback', 'Sophmore', '2128 North 6851 East', 'Seattle', 'WA', '56290', '7943 North 1674 East', 'Seattle', 'WA', '56290', '2245494690', 11),
(121, 'Jilian', 'Allen', 'Winger', 'Junior', '4430 North 4487 West', 'Los Angeles', 'CA', '26848', '8942 North 6795 East', 'Los Angeles', 'CA', '26848', '6049896414', 4),
(122, 'Marcy', 'Tice', 'Goalie', 'Freshman', '8615 North 6508 East', 'Bismarck', 'ND', '28895', '3110 South 2654 East', 'Bismarck', 'ND', '28895', '7714304350', 1),
(123, 'Laura', 'Hansen', 'Corner', 'Junior', '3097 North 8578 West', 'Las Vegas', 'NV', '19837', '7181 North 3254 West', 'Las Vegas', 'NV', '19837', '1258811701', 6),
(124, 'Marcy', 'Tice', 'Goalie', 'Freshman', '7148 North 6494 East', 'Bismarck', 'ND', '28895', '9535 North 6624 East', 'Bismarck', 'ND', '28895', '1746385587', 6),
(125, 'Marcy', 'Tice', 'Goalie', 'Freshman', '7665 South 2206 West', 'Bismarck', 'ND', '28895', '7057 South 9664 West', 'Bismarck', 'ND', '28895', '9544054427', 7),
(126, 'Randy', 'Peirce', 'Pitcher', 'Sophmore', '6889 South 2032 East', 'Pierre', 'UT', '84101', '4894 South 6848 West', 'Pierre', 'UT', '84101', '7374080471', 7),
(127, 'Stephanie', 'Pales', 'Tackle', 'Freshman', '1284 South 6753 West', 'Portland', 'OR', '12958', '7243 South 4898 East', 'Portland', 'OR', '12958', '4311476752', 10),
(128, 'Bob', 'Taylor', 'Right Wing', 'Senior', '4659 South 4598 West', 'Salt Lake City', 'UT', '84101', '9073 North 2647 West', 'Salt Lake City', 'UT', '84101', '3471835213', 1),
(129, 'John', 'Jensen', 'Forward', 'Sophmore', '3543 South 4897 West', 'Tempe', 'AZ', '85765', '5540 South 3431 West', 'Tempe', 'AZ', '85765', '3175025263', 3),
(130, 'Chris', 'Burr', 'Catcher', 'Freshman', '8753 South 1934 West', 'Bismarck', 'UT', '84101', '9913 North 8291 West', 'Bismarck', 'UT', '84101', '7472428749', 14),
(131, 'Bob', 'Taylor', 'Right Wing', 'Senior', '4378 North 6339 West', 'Salt Lake City', 'UT', '84101', '4782 South 6998 East', 'Salt Lake City', 'UT', '84101', '4633567198', 6),
(132, 'Carrie', 'Bishoff', 'Outfielder', 'Junior', '8849 South 9853 East', 'Las Vegas', 'UT', '84101', '8523 North 2939 West', 'Las Vegas', 'UT', '84101', '6643109053', 1),
(133, 'Stephanie', 'Pales', 'Tackle', 'Freshman', '5175 North 8560 West', 'Portland', 'OR', '12958', '6741 North 5955 West', 'Portland', 'OR', '12958', '6533466773', 8),
(134, 'Carrie', 'Bishoff', 'Outfielder', 'Junior', '1251 North 9536 West', 'Las Vegas', 'UT', '84101', '6287 South 2346 West', 'Las Vegas', 'UT', '84101', '6822814620', 2),
(135, 'Carrie', 'Bishoff', 'Outfielder', 'Junior', '1948 South 9809 East', 'Las Vegas', 'UT', '84101', '7670 North 8686 West', 'Las Vegas', 'UT', '84101', '6235002038', 10),
(136, 'Alex', 'Johnson', 'Quarterback', 'Sophmore', '3074 South 1520 West', 'Seattle', 'WA', '56290', '5879 South 9470 West', 'Seattle', 'WA', '56290', '5147399841', 6),
(137, 'Carrie', 'Bishoff', 'Outfielder', 'Junior', '1080 North 2887 East', 'Las Vegas', 'UT', '84101', '8101 North 6610 West', 'Las Vegas', 'UT', '84101', '1700190292', 12),
(138, 'Alicia', 'McKay', 'Defense', 'Senior', '9200 North 9785 East', 'Berkley', 'CA', '84050', '7248 South 9572 West', 'Berkley', 'CA', '84050', '2398784655', 3),
(139, 'Chris', 'Burr', 'Catcher', 'Freshman', '7436 South 2186 East', 'Bismarck', 'UT', '84101', '9934 South 7639 West', 'Bismarck', 'UT', '84101', '4678371559', 6),
(140, 'Carrie', 'Bishoff', 'Outfielder', 'Junior', '9514 North 5331 East', 'Las Vegas', 'UT', '84101', '6315 North 8887 East', 'Las Vegas', 'UT', '84101', '9289371045', 1),
(141, 'Bob', 'Taylor', 'Right Wing', 'Senior', '9700 North 8340 East', 'Salt Lake City', 'UT', '84101', '1647 North 3266 West', 'Salt Lake City', 'UT', '84101', '2609025676', 2),
(142, 'Laura', 'Hansen', 'Corner', 'Junior', '5118 South 4145 East', 'Las Vegas', 'NV', '19837', '2915 South 6683 West', 'Las Vegas', 'NV', '19837', '2141354279', 6),
(143, 'Alex', 'Johnson', 'Quarterback', 'Sophmore', '4136 North 8806 West', 'Seattle', 'WA', '56290', '9872 North 1130 East', 'Seattle', 'WA', '56290', '2263977812', 14),
(144, 'Joe', 'Smith', 'Center', 'Junior', '2675 North 7606 West', 'Phoenix', 'AZ', '76102', '6999 North 2574 West', 'Phoenix', 'AZ', '76102', '9102114620', 11),
(145, 'Alicia', 'McKay', 'Defense', 'Senior', '1364 North 3018 East', 'Berkley', 'CA', '84050', '5797 North 8227 East', 'Berkley', 'CA', '84050', '4126986817', 13),
(146, 'Nicole', 'Tindal', 'Offensive Lineman', 'Senior', '5956 North 3501 West', 'Provo', 'UT', '75673', '7915 North 7086 East', 'Provo', 'UT', '75673', '3400544993', 2),
(147, 'Alex', 'Johnson', 'Quarterback', 'Sophmore', '9139 North 7940 East', 'Seattle', 'WA', '56290', '5428 South 5262 West', 'Seattle', 'WA', '56290', '6357112731', 11),
(148, 'Bob', 'Taylor', 'Right Wing', 'Senior', '2536 South 5489 West', 'Salt Lake City', 'UT', '84101', '7157 North 7774 East', 'Salt Lake City', 'UT', '84101', '6489366769', 6),
(149, 'Marcy', 'Tice', 'Goalie', 'Freshman', '6382 South 4816 West', 'Bismarck', 'ND', '28895', '7851 South 2076 East', 'Bismarck', 'ND', '28895', '2840576251', 8),
(150, 'Jilian', 'Allen', 'Winger', 'Junior', '8672 South 6531 West', 'Los Angeles', 'CA', '26848', '6574 South 7218 East', 'Los Angeles', 'CA', '26848', '3117472780', 12),
(151, 'Laura', 'Hansen', 'Corner', 'Junior', '9015 North 8305 West', 'Las Vegas', 'NV', '19837', '1258 North 8824 West', 'Las Vegas', 'NV', '19837', '1872578544', 2),
(152, 'Chris', 'Burr', 'Catcher', 'Freshman', '8131 South 6122 East', 'Bismarck', 'UT', '84101', '8081 North 4904 East', 'Bismarck', 'UT', '84101', '8991169882', 13),
(153, 'Chris', 'Burr', 'Catcher', 'Freshman', '8506 North 2623 East', 'Bismarck', 'UT', '84101', '9810 North 8449 East', 'Bismarck', 'UT', '84101', '9766775307', 6),
(154, 'Marcy', 'Tice', 'Goalie', 'Freshman', '9620 South 8515 East', 'Bismarck', 'ND', '28895', '3338 South 1509 East', 'Bismarck', 'ND', '28895', '7471107616', 7),
(155, 'Stephanie', 'Pales', 'Tackle', 'Freshman', '7614 North 6105 West', 'Portland', 'OR', '12958', '2072 South 7721 East', 'Portland', 'OR', '12958', '7203176173', 9),
(156, 'John', 'Jensen', 'Forward', 'Sophmore', '6756 South 7619 West', 'Tempe', 'AZ', '85765', '7392 North 5434 East', 'Tempe', 'AZ', '85765', '9374949206', 4),
(157, 'Jeremy', 'Groves', 'Defensinve Tackle', 'Freshman', '7593 South 6921 East', 'Brooklynn', 'NY', '76485', '9031 North 6293 West', 'Brooklynn', 'NY', '76485', '3074613367', 11),
(158, 'Randy', 'Peirce', 'Pitcher', 'Sophmore', '9007 South 7474 East', 'Pierre', 'UT', '84101', '4744 North 8355 East', 'Pierre', 'UT', '84101', '7022098345', 4),
(159, 'Chris', 'Burr', 'Catcher', 'Freshman', '1125 South 1335 East', 'Bismarck', 'UT', '84101', '6960 South 6980 East', 'Bismarck', 'UT', '84101', '9656224626', 7),
(160, 'Laura', 'Hansen', 'Corner', 'Junior', '3217 South 8714 West', 'Las Vegas', 'NV', '19837', '3523 South 6909 East', 'Las Vegas', 'NV', '19837', '1168285634', 3),
(161, 'Megan', 'Byron', 'Running Back', 'Sophmore', '3212 South 1781 West', 'Pierre', 'SD', '73520', '9391 South 1288 East', 'Pierre', 'SD', '73520', '4230945943', 1),
(162, 'Laura', 'Hansen', 'Corner', 'Junior', '5161 South 6724 East', 'Las Vegas', 'NV', '19837', '5601 South 1688 West', 'Las Vegas', 'NV', '19837', '5691674296', 7),
(163, 'Jilian', 'Allen', 'Winger', 'Junior', '3419 North 6846 East', 'Los Angeles', 'CA', '26848', '9242 North 9636 West', 'Los Angeles', 'CA', '26848', '7474874572', 3),
(164, 'Alicia', 'McKay', 'Defense', 'Senior', '7705 North 8621 West', 'Berkley', 'CA', '84050', '6285 North 3828 East', 'Berkley', 'CA', '84050', '1524133018', 14),
(165, 'Bob', 'Taylor', 'Right Wing', 'Senior', '2909 South 5161 West', 'Salt Lake City', 'UT', '84101', '6554 North 8375 East', 'Salt Lake City', 'UT', '84101', '8796387708', 8),
(166, 'Joe', 'Smith', 'Center', 'Junior', '4025 North 1133 East', 'Phoenix', 'AZ', '76102', '3062 North 1982 East', 'Phoenix', 'AZ', '76102', '7905359635', 7),
(167, 'Alex', 'Johnson', 'Quarterback', 'Sophmore', '3246 South 7595 West', 'Seattle', 'WA', '56290', '9404 North 5761 East', 'Seattle', 'WA', '56290', '4940586515', 6),
(168, 'Alicia', 'McKay', 'Defense', 'Senior', '2189 South 5971 West', 'Berkley', 'CA', '84050', '9143 South 5482 West', 'Berkley', 'CA', '84050', '5362084760', 11),
(169, 'Megan', 'Byron', 'Running Back', 'Sophmore', '8951 North 1966 East', 'Pierre', 'SD', '73520', '5161 South 3772 West', 'Pierre', 'SD', '73520', '8929881012', 1),
(170, 'Bob', 'Taylor', 'Right Wing', 'Senior', '6133 South 4567 East', 'Salt Lake City', 'UT', '84101', '1727 South 2165 West', 'Salt Lake City', 'UT', '84101', '3975768114', 1),
(171, 'Jilian', 'Allen', 'Winger', 'Junior', '4211 South 9290 East', 'Los Angeles', 'CA', '26848', '8760 South 6066 East', 'Los Angeles', 'CA', '26848', '3200773377', 7),
(172, 'Alex', 'Johnson', 'Quarterback', 'Sophmore', '5904 South 9909 East', 'Seattle', 'WA', '56290', '2117 South 4825 West', 'Seattle', 'WA', '56290', '5327823069', 9),
(173, 'Stephanie', 'Pales', 'Tackle', 'Freshman', '6456 South 6624 West', 'Portland', 'OR', '12958', '7290 North 1153 East', 'Portland', 'OR', '12958', '5727559378', 10),
(174, 'Nicole', 'Tindal', 'Offensive Lineman', 'Senior', '5632 North 9512 East', 'Provo', 'UT', '75673', '3237 South 2882 West', 'Provo', 'UT', '75673', '3398654789', 1),
(175, 'Jeremy', 'Groves', 'Defensinve Tackle', 'Freshman', '1150 North 3840 East', 'Brooklynn', 'NY', '76485', '6387 South 7190 East', 'Brooklynn', 'NY', '76485', '7307564913', 8),
(176, 'Marcy', 'Tice', 'Goalie', 'Freshman', '4216 North 3845 East', 'Bismarck', 'ND', '28895', '5460 North 9238 West', 'Bismarck', 'ND', '28895', '5713594139', 13),
(177, 'Alex', 'Johnson', 'Quarterback', 'Sophmore', '3036 South 2654 West', 'Seattle', 'WA', '56290', '3382 South 7035 West', 'Seattle', 'WA', '56290', '3475388447', 5),
(178, 'Alicia', 'McKay', 'Defense', 'Senior', '9214 South 2480 East', 'Berkley', 'CA', '84050', '7278 South 9112 East', 'Berkley', 'CA', '84050', '1338001168', 11),
(179, 'Laura', 'Hansen', 'Corner', 'Junior', '9473 South 3464 East', 'Las Vegas', 'NV', '19837', '3590 North 6601 East', 'Las Vegas', 'NV', '19837', '3368464323', 14),
(180, 'Megan', 'Byron', 'Running Back', 'Sophmore', '1634 North 1011 East', 'Pierre', 'SD', '73520', '5543 South 2113 West', 'Pierre', 'SD', '73520', '8907276528', 12),
(181, 'Chris', 'Burr', 'Catcher', 'Freshman', '3647 North 8554 East', 'Bismarck', 'UT', '84101', '4784 South 2350 West', 'Bismarck', 'UT', '84101', '5417417002', 11),
(182, 'Megan', 'Byron', 'Running Back', 'Sophmore', '5783 North 9494 West', 'Pierre', 'SD', '73520', '3606 North 5912 East', 'Pierre', 'SD', '73520', '8938558754', 13),
(183, 'Marcy', 'Tice', 'Goalie', 'Freshman', '4338 North 3553 East', 'Bismarck', 'ND', '28895', '2970 South 1921 East', 'Bismarck', 'ND', '28895', '8465910211', 10),
(184, 'Stephanie', 'Pales', 'Tackle', 'Freshman', '8107 South 8822 East', 'Portland', 'OR', '12958', '2210 South 9539 West', 'Portland', 'OR', '12958', '6512982762', 2),
(185, 'Jeremy', 'Groves', 'Defensinve Tackle', 'Freshman', '3776 South 8921 West', 'Brooklynn', 'NY', '76485', '2071 North 3233 East', 'Brooklynn', 'NY', '76485', '1209867544', 6),
(186, 'Jeremy', 'Groves', 'Defensinve Tackle', 'Freshman', '1163 South 7430 East', 'Brooklynn', 'NY', '76485', '6566 North 7233 East', 'Brooklynn', 'NY', '76485', '8169959848', 13),
(187, 'Alicia', 'McKay', 'Defense', 'Senior', '2452 South 8313 West', 'Berkley', 'CA', '84050', '1906 North 6860 West', 'Berkley', 'CA', '84050', '3142549691', 5),
(188, 'Chris', 'Burr', 'Catcher', 'Freshman', '4624 North 7977 East', 'Bismarck', 'UT', '84101', '8771 North 4891 West', 'Bismarck', 'UT', '84101', '2361230025', 13),
(189, 'Chris', 'Burr', 'Catcher', 'Freshman', '1702 South 3792 West', 'Bismarck', 'UT', '84101', '4533 North 3340 West', 'Bismarck', 'UT', '84101', '8721196123', 7),
(190, 'Alex', 'Johnson', 'Quarterback', 'Sophmore', '5555 North 8526 West', 'Seattle', 'WA', '56290', '3535 South 1231 East', 'Seattle', 'WA', '56290', '7777452500', 4),
(191, 'John', 'Jensen', 'Forward', 'Sophmore', '8004 South 9191 East', 'Tempe', 'AZ', '85765', '1638 South 4156 West', 'Tempe', 'AZ', '85765', '4622771132', 8),
(192, 'Megan', 'Byron', 'Running Back', 'Sophmore', '5087 South 2637 West', 'Pierre', 'SD', '73520', '3858 South 8246 West', 'Pierre', 'SD', '73520', '4128309951', 10),
(193, 'Alicia', 'McKay', 'Defense', 'Senior', '4239 North 5951 East', 'Berkley', 'CA', '84050', '2501 South 7433 West', 'Berkley', 'CA', '84050', '9293356367', 6),
(194, 'Chris', 'Burr', 'Catcher', 'Freshman', '7826 North 5585 West', 'Bismarck', 'UT', '84101', '7835 South 4292 West', 'Bismarck', 'UT', '84101', '3329344567', 7),
(195, 'Jeremy', 'Groves', 'Defensinve Tackle', 'Freshman', '4381 North 5153 West', 'Brooklynn', 'NY', '76485', '1977 South 1660 West', 'Brooklynn', 'NY', '76485', '1334115007', 13),
(196, 'Alex', 'Johnson', 'Quarterback', 'Sophmore', '6898 South 7466 East', 'Seattle', 'WA', '56290', '8329 South 4377 West', 'Seattle', 'WA', '56290', '8987514890', 1),
(197, 'Laura', 'Hansen', 'Corner', 'Junior', '9630 North 6483 West', 'Las Vegas', 'NV', '19837', '5411 North 9504 East', 'Las Vegas', 'NV', '19837', '4644816505', 1),
(198, 'Carrie', 'Bishoff', 'Outfielder', 'Junior', '9329 South 3652 West', 'Las Vegas', 'UT', '84101', '9403 South 2915 East', 'Las Vegas', 'UT', '84101', '8496139335', 1),
(199, 'Kim', 'Lord', 'First Base', 'Senior', '5043 South 8135 East', 'Provo', 'UT', '84101', '4978 South 2071 West', 'Provo', 'UT', '84101', '8945012842', 2),
(200, 'Kim', 'Lord', 'First Base', 'Senior', '5925 North 5666 West', 'Provo', 'UT', '84101', '3902 North 5379 West', 'Provo', 'UT', '84101', '9234360880', 10),
(201, 'Kim', 'Lord', 'First Base', 'Senior', '1014 North 2043 West', 'Provo', 'UT', '84101', '6281 South 9507 East', 'Provo', 'UT', '84101', '5470804569', 5),
(202, 'Laura', 'Hansen', 'Corner', 'Junior', '5420 South 1221 East', 'Las Vegas', 'NV', '19837', '5694 North 2733 East', 'Las Vegas', 'NV', '19837', '4209500158', 12),
(203, 'Chris', 'Burr', 'Catcher', 'Freshman', '9493 South 5843 East', 'Bismarck', 'UT', '84101', '9078 North 7194 West', 'Bismarck', 'UT', '84101', '1889976880', 11),
(204, 'Jilian', 'Allen', 'Winger', 'Junior', '5667 South 2729 East', 'Los Angeles', 'CA', '26848', '5660 South 2587 West', 'Los Angeles', 'CA', '26848', '8506506701', 12),
(205, 'Alex', 'Johnson', 'Quarterback', 'Sophmore', '2393 North 5071 West', 'Seattle', 'WA', '56290', '2083 South 3840 West', 'Seattle', 'WA', '56290', '7447324462', 11),
(206, 'Kim', 'Lord', 'First Base', 'Senior', '6613 North 6401 East', 'Provo', 'UT', '84101', '4657 North 7092 West', 'Provo', 'UT', '84101', '3561963096', 11),
(207, 'John', 'Jensen', 'Forward', 'Sophmore', '9279 North 6450 West', 'Tempe', 'AZ', '85765', '1565 North 8610 West', 'Tempe', 'AZ', '85765', '3906038787', 13),
(208, 'Kim', 'Lord', 'First Base', 'Senior', '4897 South 4304 East', 'Provo', 'UT', '84101', '9974 North 5543 East', 'Provo', 'UT', '84101', '4325171084', 2),
(209, 'Megan', 'Byron', 'Running Back', 'Sophmore', '7284 South 6491 West', 'Pierre', 'SD', '73520', '4819 South 6925 West', 'Pierre', 'SD', '73520', '2722700769', 14),
(210, 'Marcy', 'Tice', 'Goalie', 'Freshman', '3543 South 1741 West', 'Bismarck', 'ND', '28895', '6859 North 6732 West', 'Bismarck', 'ND', '28895', '2611537367', 4),
(211, 'John', 'Jensen', 'Forward', 'Sophmore', '7491 North 9111 East', 'Tempe', 'AZ', '85765', '6633 South 2841 West', 'Tempe', 'AZ', '85765', '8310946853', 3),
(212, 'Stephanie', 'Pales', 'Tackle', 'Freshman', '2670 South 2941 West', 'Portland', 'OR', '12958', '6221 North 1254 West', 'Portland', 'OR', '12958', '9923129545', 8),
(213, 'Randy', 'Peirce', 'Pitcher', 'Sophmore', '2771 South 4526 East', 'Pierre', 'UT', '84101', '6325 North 2739 East', 'Pierre', 'UT', '84101', '3462500130', 6),
(214, 'Stephanie', 'Pales', 'Tackle', 'Freshman', '4833 South 4026 West', 'Portland', 'OR', '12958', '1598 North 4993 East', 'Portland', 'OR', '12958', '6140111100', 4),
(215, 'Chris', 'Burr', 'Catcher', 'Freshman', '3829 South 7372 East', 'Bismarck', 'UT', '84101', '3294 South 6157 East', 'Bismarck', 'UT', '84101', '2342355772', 6),
(216, 'Kim', 'Lord', 'First Base', 'Senior', '1403 North 2574 West', 'Provo', 'UT', '84101', '8070 North 9818 West', 'Provo', 'UT', '84101', '5015067012', 11),
(217, 'John', 'Jensen', 'Forward', 'Sophmore', '4222 North 1389 West', 'Tempe', 'AZ', '85765', '5684 North 8743 West', 'Tempe', 'AZ', '85765', '6330808738', 13),
(218, 'Bob', 'Taylor', 'Right Wing', 'Senior', '8864 North 5177 West', 'Salt Lake City', 'UT', '84101', '4701 North 2196 East', 'Salt Lake City', 'UT', '84101', '7519431092', 10),
(219, 'Joe', 'Smith', 'Center', 'Junior', '3782 South 8565 West', 'Phoenix', 'AZ', '76102', '6373 South 3032 East', 'Phoenix', 'AZ', '76102', '1397086533', 11),
(220, 'Randy', 'Peirce', 'Pitcher', 'Sophmore', '8840 South 4065 East', 'Pierre', 'UT', '84101', '1169 North 5116 East', 'Pierre', 'UT', '84101', '3300978942', 12),
(221, 'Randy', 'Peirce', 'Pitcher', 'Sophmore', '8990 South 9757 East', 'Pierre', 'UT', '84101', '7055 North 2349 East', 'Pierre', 'UT', '84101', '9601903768', 2),
(222, 'Nicole', 'Tindal', 'Offensive Lineman', 'Senior', '6374 South 1395 East', 'Provo', 'UT', '75673', '6879 North 1920 West', 'Provo', 'UT', '75673', '7623988441', 10),
(223, 'Bob', 'Taylor', 'Right Wing', 'Senior', '5801 North 4830 East', 'Salt Lake City', 'UT', '84101', '2186 North 2547 West', 'Salt Lake City', 'UT', '84101', '1677581877', 9),
(224, 'Nicole', 'Tindal', 'Offensive Lineman', 'Senior', '9024 South 8256 East', 'Provo', 'UT', '75673', '3218 North 8376 East', 'Provo', 'UT', '75673', '6825439829', 6),
(225, 'John', 'Jensen', 'Forward', 'Sophmore', '3926 North 2330 East', 'Tempe', 'AZ', '85765', '3445 North 7146 West', 'Tempe', 'AZ', '85765', '2122774236', 7),
(226, 'Joe', 'Smith', 'Center', 'Junior', '6956 South 6565 East', 'Phoenix', 'AZ', '76102', '8268 North 1451 East', 'Phoenix', 'AZ', '76102', '3370596161', 9),
(227, 'Kim', 'Lord', 'First Base', 'Senior', '1939 South 3198 West', 'Provo', 'UT', '84101', '2631 North 9023 East', 'Provo', 'UT', '84101', '2068063800', 5),
(228, 'Randy', 'Peirce', 'Pitcher', 'Sophmore', '6885 North 1035 East', 'Pierre', 'UT', '84101', '8334 South 1771 East', 'Pierre', 'UT', '84101', '4255605128', 12),
(229, 'Joe', 'Smith', 'Center', 'Junior', '1237 South 3907 East', 'Phoenix', 'AZ', '76102', '6508 South 2774 East', 'Phoenix', 'AZ', '76102', '3003700152', 8),
(230, 'Alicia', 'McKay', 'Defense', 'Senior', '7713 North 9630 West', 'Berkley', 'CA', '84050', '9331 South 8077 East', 'Berkley', 'CA', '84050', '6632206764', 1),
(231, 'Alicia', 'McKay', 'Defense', 'Senior', '1110 North 4694 West', 'Berkley', 'CA', '84050', '8238 North 9287 West', 'Berkley', 'CA', '84050', '4237480283', 5),
(232, 'Alicia', 'McKay', 'Defense', 'Senior', '9687 South 2694 West', 'Berkley', 'CA', '84050', '8702 South 8488 East', 'Berkley', 'CA', '84050', '3582521543', 5),
(233, 'Chris', 'Burr', 'Catcher', 'Freshman', '5214 North 2793 West', 'Bismarck', 'UT', '84101', '3719 North 2245 West', 'Bismarck', 'UT', '84101', '1209093688', 9),
(234, 'Jilian', 'Allen', 'Winger', 'Junior', '7308 South 1774 East', 'Los Angeles', 'CA', '26848', '3443 North 4723 West', 'Los Angeles', 'CA', '26848', '3184907736', 12),
(235, 'Kim', 'Lord', 'First Base', 'Senior', '4484 South 3062 East', 'Provo', 'UT', '84101', '1754 South 3153 East', 'Provo', 'UT', '84101', '2146242327', 14),
(236, 'Alex', 'Johnson', 'Quarterback', 'Sophmore', '9308 North 3003 West', 'Seattle', 'WA', '56290', '3248 North 1149 East', 'Seattle', 'WA', '56290', '6901711369', 9),
(237, 'Alicia', 'McKay', 'Defense', 'Senior', '4959 South 3569 West', 'Berkley', 'CA', '84050', '5595 South 5495 East', 'Berkley', 'CA', '84050', '4685448001', 3),
(238, 'Joe', 'Smith', 'Center', 'Junior', '7121 South 2929 West', 'Phoenix', 'AZ', '76102', '3681 North 2162 East', 'Phoenix', 'AZ', '76102', '6493388565', 12),
(239, 'Joe', 'Smith', 'Center', 'Junior', '3199 North 3047 East', 'Phoenix', 'AZ', '76102', '7315 North 2647 East', 'Phoenix', 'AZ', '76102', '4738381184', 9),
(240, 'Jilian', 'Allen', 'Winger', 'Junior', '6482 North 8362 West', 'Los Angeles', 'CA', '26848', '7849 South 1929 East', 'Los Angeles', 'CA', '26848', '1070048820', 8),
(241, 'Joe', 'Smith', 'Center', 'Junior', '1563 South 2735 East', 'Phoenix', 'AZ', '76102', '7773 South 1956 East', 'Phoenix', 'AZ', '76102', '5906302632', 4),
(242, 'Jeremy', 'Groves', 'Defensinve Tackle', 'Freshman', '4263 North 7383 East', 'Brooklynn', 'NY', '76485', '1563 North 1785 West', 'Brooklynn', 'NY', '76485', '9908310819', 6),
(243, 'Alex', 'Johnson', 'Quarterback', 'Sophmore', '2888 South 7336 West', 'Seattle', 'WA', '56290', '9282 South 8367 East', 'Seattle', 'WA', '56290', '3854536251', 13),
(244, 'Jeremy', 'Groves', 'Defensinve Tackle', 'Freshman', '4425 North 2916 West', 'Brooklynn', 'NY', '76485', '3915 North 6599 West', 'Brooklynn', 'NY', '76485', '7640769751', 13),
(245, 'Alicia', 'McKay', 'Defense', 'Senior', '7100 South 6178 West', 'Berkley', 'CA', '84050', '4985 North 9993 East', 'Berkley', 'CA', '84050', '1631072034', 10),
(246, 'Nicole', 'Tindal', 'Offensive Lineman', 'Senior', '2565 North 2863 East', 'Provo', 'UT', '75673', '2382 North 1330 West', 'Provo', 'UT', '75673', '1822359028', 14),
(247, 'Marcy', 'Tice', 'Goalie', 'Freshman', '2430 South 7661 East', 'Bismarck', 'ND', '28895', '3608 South 7682 West', 'Bismarck', 'ND', '28895', '9492228546', 6),
(248, 'Stephanie', 'Pales', 'Tackle', 'Freshman', '9011 North 9515 West', 'Portland', 'OR', '12958', '3337 North 5198 West', 'Portland', 'OR', '12958', '8682321031', 9),
(249, 'Carrie', 'Bishoff', 'Outfielder', 'Junior', '9816 North 1668 West', 'Las Vegas', 'UT', '84101', '6381 North 6936 East', 'Las Vegas', 'UT', '84101', '6952275874', 10),
(250, 'Bob', 'Taylor', 'Right Wing', 'Senior', '5879 North 3055 East', 'Salt Lake City', 'UT', '84101', '5644 North 2726 East', 'Salt Lake City', 'UT', '84101', '3508044893', 11),
(251, 'Carrie', 'Bishoff', 'Outfielder', 'Junior', '7870 North 2179 West', 'Las Vegas', 'UT', '84101', '6470 South 8129 West', 'Las Vegas', 'UT', '84101', '2587979604', 10),
(252, 'Randy', 'Peirce', 'Pitcher', 'Sophmore', '6339 North 7146 East', 'Pierre', 'UT', '84101', '3404 South 2653 West', 'Pierre', 'UT', '84101', '5746621267', 8),
(253, 'Alex', 'Johnson', 'Quarterback', 'Sophmore', '7743 North 2862 East', 'Seattle', 'WA', '56290', '9164 South 6941 East', 'Seattle', 'WA', '56290', '1240719054', 4),
(254, 'Alex', 'Johnson', 'Quarterback', 'Sophmore', '6823 North 5823 East', 'Seattle', 'WA', '56290', '7215 North 7917 West', 'Seattle', 'WA', '56290', '7173316799', 7),
(255, 'Marcy', 'Tice', 'Goalie', 'Freshman', '2506 North 6727 West', 'Bismarck', 'ND', '28895', '8248 North 3227 West', 'Bismarck', 'ND', '28895', '3678724133', 12),
(256, 'Marcy', 'Tice', 'Goalie', 'Freshman', '1586 South 3401 East', 'Bismarck', 'ND', '28895', '1504 South 9970 West', 'Bismarck', 'ND', '28895', '1720247729', 9),
(257, 'Jeremy', 'Groves', 'Defensinve Tackle', 'Freshman', '5517 North 9058 West', 'Brooklynn', 'NY', '76485', '1564 South 3797 West', 'Brooklynn', 'NY', '76485', '4322680085', 10),
(258, 'Carrie', 'Bishoff', 'Outfielder', 'Junior', '7954 North 3813 West', 'Las Vegas', 'UT', '84101', '7401 North 4888 West', 'Las Vegas', 'UT', '84101', '6028132695', 1),
(259, 'John', 'Jensen', 'Forward', 'Sophmore', '2410 North 7728 West', 'Tempe', 'AZ', '85765', '2413 North 4909 East', 'Tempe', 'AZ', '85765', '3328144080', 7),
(260, 'Jilian', 'Allen', 'Winger', 'Junior', '1228 North 2087 East', 'Los Angeles', 'CA', '26848', '1903 South 4805 East', 'Los Angeles', 'CA', '26848', '9390010394', 2),
(261, 'Alicia', 'McKay', 'Defense', 'Senior', '5773 North 1463 West', 'Berkley', 'CA', '84050', '4416 South 9168 East', 'Berkley', 'CA', '84050', '3090743817', 4),
(262, 'Carrie', 'Bishoff', 'Outfielder', 'Junior', '9567 South 4694 West', 'Las Vegas', 'UT', '84101', '7189 South 4127 East', 'Las Vegas', 'UT', '84101', '6969171829', 9),
(263, 'Megan', 'Byron', 'Running Back', 'Sophmore', '3316 South 8391 East', 'Pierre', 'SD', '73520', '4058 South 6980 East', 'Pierre', 'SD', '73520', '8170520045', 10),
(264, 'Laura', 'Hansen', 'Corner', 'Junior', '8840 South 3074 West', 'Las Vegas', 'NV', '19837', '8946 South 5083 West', 'Las Vegas', 'NV', '19837', '6424271702', 9),
(265, 'John', 'Jensen', 'Forward', 'Sophmore', '6926 South 4846 West', 'Tempe', 'AZ', '85765', '7926 South 5237 East', 'Tempe', 'AZ', '85765', '2954550113', 5),
(266, 'Carrie', 'Bishoff', 'Outfielder', 'Junior', '6922 South 7407 West', 'Las Vegas', 'UT', '84101', '7155 North 4682 East', 'Las Vegas', 'UT', '84101', '4969722924', 12),
(267, 'Bob', 'Taylor', 'Right Wing', 'Senior', '3383 North 6347 West', 'Salt Lake City', 'UT', '84101', '3605 North 3479 West', 'Salt Lake City', 'UT', '84101', '3279144280', 9),
(268, 'Nicole', 'Tindal', 'Offensive Lineman', 'Senior', '3422 South 9313 West', 'Provo', 'UT', '75673', '9433 South 6028 East', 'Provo', 'UT', '75673', '3431641170', 10),
(269, 'Alex', 'Johnson', 'Quarterback', 'Sophmore', '5894 South 3487 West', 'Seattle', 'WA', '56290', '8353 South 8381 West', 'Seattle', 'WA', '56290', '8291886989', 2),
(270, 'John', 'Jensen', 'Forward', 'Sophmore', '6309 North 1740 West', 'Tempe', 'AZ', '85765', '2465 North 9699 East', 'Tempe', 'AZ', '85765', '8610484093', 11),
(271, 'Marcy', 'Tice', 'Goalie', 'Freshman', '2827 South 3315 East', 'Bismarck', 'ND', '28895', '2600 North 5143 West', 'Bismarck', 'ND', '28895', '9871891581', 6),
(272, 'Megan', 'Byron', 'Running Back', 'Sophmore', '9855 South 3513 East', 'Pierre', 'SD', '73520', '6064 South 7008 West', 'Pierre', 'SD', '73520', '4335803433', 6),
(273, 'Jeremy', 'Groves', 'Defensinve Tackle', 'Freshman', '5189 South 3148 West', 'Brooklynn', 'NY', '76485', '4419 South 5069 East', 'Brooklynn', 'NY', '76485', '9115483357', 6),
(274, 'Carrie', 'Bishoff', 'Outfielder', 'Junior', '3469 North 7510 East', 'Las Vegas', 'UT', '84101', '4200 North 8156 East', 'Las Vegas', 'UT', '84101', '4588983880', 6),
(275, 'Kim', 'Lord', 'First Base', 'Senior', '1203 South 1541 East', 'Provo', 'UT', '84101', '2390 South 2533 East', 'Provo', 'UT', '84101', '7953493776', 1),
(276, 'Megan', 'Byron', 'Running Back', 'Sophmore', '6833 South 5856 West', 'Pierre', 'SD', '73520', '2022 North 2745 West', 'Pierre', 'SD', '73520', '9769215149', 13),
(277, 'John', 'Jensen', 'Forward', 'Sophmore', '2480 North 4116 West', 'Tempe', 'AZ', '85765', '6486 South 4545 West', 'Tempe', 'AZ', '85765', '5041861961', 1),
(278, 'Laura', 'Hansen', 'Corner', 'Junior', '7302 South 3483 East', 'Las Vegas', 'NV', '19837', '1839 North 7681 East', 'Las Vegas', 'NV', '19837', '5669800276', 6),
(279, 'Laura', 'Hansen', 'Corner', 'Junior', '8788 South 7037 East', 'Las Vegas', 'NV', '19837', '6677 South 8377 West', 'Las Vegas', 'NV', '19837', '5407717492', 5),
(280, 'Marcy', 'Tice', 'Goalie', 'Freshman', '2444 North 1495 West', 'Bismarck', 'ND', '28895', '9337 South 5219 West', 'Bismarck', 'ND', '28895', '6991382982', 7),
(281, 'Chris', 'Burr', 'Catcher', 'Freshman', '5196 South 1771 East', 'Bismarck', 'UT', '84101', '2081 North 7944 West', 'Bismarck', 'UT', '84101', '7143782321', 6),
(282, 'Jeremy', 'Groves', 'Defensinve Tackle', 'Freshman', '2738 North 2722 West', 'Brooklynn', 'NY', '76485', '8708 South 4454 East', 'Brooklynn', 'NY', '76485', '9765449779', 14),
(283, 'Stephanie', 'Pales', 'Tackle', 'Freshman', '8507 North 6705 West', 'Portland', 'OR', '12958', '9151 North 4638 East', 'Portland', 'OR', '12958', '4251017014', 8),
(284, 'Laura', 'Hansen', 'Corner', 'Junior', '1576 North 6986 West', 'Las Vegas', 'NV', '19837', '9054 South 3856 West', 'Las Vegas', 'NV', '19837', '5848188768', 13),
(285, 'Jeremy', 'Groves', 'Defensinve Tackle', 'Freshman', '1199 North 8689 East', 'Brooklynn', 'NY', '76485', '1996 North 5267 East', 'Brooklynn', 'NY', '76485', '6604906717', 12),
(286, 'Carrie', 'Bishoff', 'Outfielder', 'Junior', '7316 South 6276 East', 'Las Vegas', 'UT', '84101', '7944 South 2712 East', 'Las Vegas', 'UT', '84101', '1232167787', 4),
(287, 'Kim', 'Lord', 'First Base', 'Senior', '8887 South 2354 West', 'Provo', 'UT', '84101', '9410 South 6378 East', 'Provo', 'UT', '84101', '4296347725', 3),
(288, 'John', 'Jensen', 'Forward', 'Sophmore', '5498 South 5713 West', 'Tempe', 'AZ', '85765', '4859 North 2599 West', 'Tempe', 'AZ', '85765', '4826252814', 9),
(289, 'Joe', 'Smith', 'Center', 'Junior', '4552 South 3393 West', 'Phoenix', 'AZ', '76102', '8334 South 5326 East', 'Phoenix', 'AZ', '76102', '1751266744', 12),
(290, 'Jilian', 'Allen', 'Winger', 'Junior', '2760 North 2274 West', 'Los Angeles', 'CA', '26848', '8503 North 6306 East', 'Los Angeles', 'CA', '26848', '4947381838', 5),
(291, 'Kim', 'Lord', 'First Base', 'Senior', '1125 North 2036 West', 'Provo', 'UT', '84101', '8667 North 3773 East', 'Provo', 'UT', '84101', '8535909794', 3),
(292, 'Alex', 'Johnson', 'Quarterback', 'Sophmore', '6949 North 4355 East', 'Seattle', 'WA', '56290', '7021 North 4707 East', 'Seattle', 'WA', '56290', '6701531264', 2),
(293, 'Stephanie', 'Pales', 'Tackle', 'Freshman', '5700 South 6668 West', 'Portland', 'OR', '12958', '3001 South 5740 West', 'Portland', 'OR', '12958', '9171791531', 10),
(294, 'Bob', 'Taylor', 'Right Wing', 'Senior', '4209 North 1544 East', 'Salt Lake City', 'UT', '84101', '4840 North 5259 East', 'Salt Lake City', 'UT', '84101', '8617432239', 5),
(295, 'John', 'Jensen', 'Forward', 'Sophmore', '1609 South 9633 West', 'Tempe', 'AZ', '85765', '2074 South 6592 East', 'Tempe', 'AZ', '85765', '2456894372', 14),
(296, 'Kim', 'Lord', 'First Base', 'Senior', '4204 South 6971 West', 'Provo', 'UT', '84101', '2308 South 9091 East', 'Provo', 'UT', '84101', '4729132131', 14),
(297, 'Jilian', 'Allen', 'Winger', 'Junior', '3934 North 3969 West', 'Los Angeles', 'CA', '26848', '9608 South 2489 West', 'Los Angeles', 'CA', '26848', '9698705401', 8),
(298, 'Megan', 'Byron', 'Running Back', 'Sophmore', '2919 North 8707 East', 'Pierre', 'SD', '73520', '9539 North 5923 West', 'Pierre', 'SD', '73520', '3596237777', 1);

-- --------------------------------------------------------

--
-- Table structure for table `employee`
--

DROP TABLE IF EXISTS `employee`;
CREATE TABLE IF NOT EXISTS `employee` (
  `id` int(10) UNSIGNED NOT NULL AUTO_INCREMENT,
  `title` varchar(128) NOT NULL,
  `fname` varchar(128) NOT NULL,
  `lname` varchar(128) NOT NULL,
  `street_address` varchar(128) DEFAULT NULL,
  `city_address` varchar(128) DEFAULT NULL,
  `state_address` varchar(128) DEFAULT NULL,
  `zip_address` char(5) DEFAULT NULL,
  `type` varchar(128) NOT NULL,
  `years_employed` int(4) UNSIGNED DEFAULT NULL,
  `team_id` int(10) UNSIGNED NOT NULL,
  PRIMARY KEY (`id`),
  KEY `team_id` (`team_id`)
) ENGINE=InnoDB AUTO_INCREMENT=102 DEFAULT CHARSET=latin1;

--
-- Dumping data for table `employee`
--

INSERT INTO `employee` (`id`, `title`, `fname`, `lname`, `street_address`, `city_address`, `state_address`, `zip_address`, `type`, `years_employed`, `team_id`) VALUES
(1, 'Lead', 'Alex', 'Johnson', '4461 South 6944 East', 'Seattle', 'WA', '56290', 'salary', 3, 2),
(2, 'Associate', 'Randy', 'Peirce', '6414 South 5788 East', 'Pierre', 'UT', '84101', 'salary', 15, 8),
(3, 'Manager', 'Bob', 'Taylor', '6633 North 1622 West', 'Salt Lake City', 'UT', '84101', 'salary', 1, 14),
(4, 'SR', 'Stephanie', 'Pales', '7587 South 4281 West', 'Portland', 'OR', '12958', 'hourly', 4, 14),
(5, 'Manager', 'John', 'Jensen', '3892 South 4308 West', 'Tempe', 'AZ', '85765', 'salary', 7, 7),
(6, 'Associate', 'Carrie', 'Bishoff', '7352 South 7331 West', 'Las Vegas', 'UT', '84101', 'hourly', 14, 6),
(7, 'Associate', 'Randy', 'Peirce', '5354 North 5642 West', 'Pierre', 'UT', '84101', 'salary', 15, 12),
(8, 'Associate', 'Marcy', 'Tice', '3323 South 9785 West', 'Bismarck', 'ND', '28895', 'hourly', 12, 1),
(9, 'Manager', 'John', 'Jensen', '1517 South 9562 East', 'Tempe', 'AZ', '85765', 'salary', 7, 6),
(10, 'Manager', 'John', 'Jensen', '7623 South 6479 West', 'Tempe', 'AZ', '85765', 'salary', 7, 3),
(11, 'VP', 'Alicia', 'McKay', '5184 North 9968 West', 'Berkley', 'CA', '84050', 'salary', 5, 3),
(12, 'VP', 'Alicia', 'McKay', '6211 North 3614 East', 'Berkley', 'CA', '84050', 'salary', 5, 3),
(13, 'Manager', 'Bob', 'Taylor', '9705 North 1265 East', 'Salt Lake City', 'UT', '84101', 'salary', 1, 2),
(14, 'Manager', 'Bob', 'Taylor', '4304 North 2555 West', 'Salt Lake City', 'UT', '84101', 'salary', 1, 13),
(15, 'Manager', 'Bob', 'Taylor', '5362 North 7031 East', 'Salt Lake City', 'UT', '84101', 'salary', 1, 8),
(16, 'Associate', 'Randy', 'Peirce', '2067 North 3672 West', 'Pierre', 'UT', '84101', 'salary', 15, 3),
(17, 'Associate', 'Jilian', 'Allen', '3682 North 8975 West', 'Los Angeles', 'CA', '26848', 'hourly', 6, 7),
(18, 'SR', 'Stephanie', 'Pales', '4882 South 7942 West', 'Portland', 'OR', '12958', 'hourly', 4, 10),
(19, 'SR', 'Chris', 'Burr', '6999 North 4674 West', 'Bismarck', 'UT', '84101', 'hourly', 16, 4),
(20, 'Associate', 'Randy', 'Peirce', '7927 North 7303 East', 'Pierre', 'UT', '84101', 'salary', 15, 12),
(21, 'Lead', 'Nicole', 'Tindal', '6674 South 5074 West', 'Provo', 'UT', '75673', 'salary', 9, 2),
(22, 'SR', 'Laura', 'Hansen', '1086 North 5839 West', 'Las Vegas', 'NV', '19837', 'hourly', 10, 12),
(23, 'VP', 'Megan', 'Byron', '7795 North 6148 East', 'Pierre', 'SD', '73520', 'salary', 11, 1),
(24, 'Director', 'Joe', 'Smith', '1656 North 3393 East', 'Phoenix', 'AZ', '76102', 'hourly', 2, 1),
(25, 'Associate', 'Jilian', 'Allen', '7097 North 4113 West', 'Los Angeles', 'CA', '26848', 'hourly', 6, 13),
(26, 'VP', 'Megan', 'Byron', '4410 North 2849 West', 'Pierre', 'SD', '73520', 'salary', 11, 4),
(27, 'Director', 'Joe', 'Smith', '3095 South 9789 West', 'Phoenix', 'AZ', '76102', 'hourly', 2, 8),
(28, 'VP', 'Alicia', 'McKay', '7878 South 2495 West', 'Berkley', 'CA', '84050', 'salary', 5, 9),
(29, 'VP', 'Alicia', 'McKay', '1849 South 6375 East', 'Berkley', 'CA', '84050', 'salary', 5, 9),
(30, 'Director', 'Jeremy', 'Groves', '7830 North 3234 West', 'Brooklynn', 'NY', '76485', 'hourly', 8, 10),
(31, 'Manager', 'John', 'Jensen', '8443 South 9436 East', 'Tempe', 'AZ', '85765', 'salary', 7, 14),
(32, 'SR', 'Laura', 'Hansen', '1102 North 3121 East', 'Las Vegas', 'NV', '19837', 'hourly', 10, 13),
(33, 'Director', 'Jeremy', 'Groves', '7969 North 2679 East', 'Brooklynn', 'NY', '76485', 'hourly', 8, 13),
(34, 'Associate', 'Carrie', 'Bishoff', '7341 South 7349 West', 'Las Vegas', 'UT', '84101', 'hourly', 14, 8),
(35, 'Lead', 'Alex', 'Johnson', '1224 North 1258 West', 'Seattle', 'WA', '56290', 'salary', 3, 2),
(36, 'Associate', 'Kim', 'Lord', '5750 North 8057 West', 'Provo', 'UT', '84101', 'salary', 13, 14),
(37, 'Associate', 'Randy', 'Peirce', '8705 South 7353 East', 'Pierre', 'UT', '84101', 'salary', 15, 3),
(38, 'Lead', 'Alex', 'Johnson', '6124 South 5950 East', 'Seattle', 'WA', '56290', 'salary', 3, 14),
(39, 'Lead', 'Nicole', 'Tindal', '2806 North 4576 West', 'Provo', 'UT', '75673', 'salary', 9, 9),
(40, 'Associate', 'Kim', 'Lord', '1698 North 8816 West', 'Provo', 'UT', '84101', 'salary', 13, 8),
(41, 'Associate', 'Kim', 'Lord', '3259 North 2753 West', 'Provo', 'UT', '84101', 'salary', 13, 4),
(42, 'Associate', 'Carrie', 'Bishoff', '7816 South 1729 West', 'Las Vegas', 'UT', '84101', 'hourly', 14, 11),
(43, 'VP', 'Alicia', 'McKay', '3747 South 2376 East', 'Berkley', 'CA', '84050', 'salary', 5, 13),
(44, 'Manager', 'John', 'Jensen', '6395 North 3319 West', 'Tempe', 'AZ', '85765', 'salary', 7, 9),
(45, 'SR', 'Stephanie', 'Pales', '2590 South 6143 West', 'Portland', 'OR', '12958', 'hourly', 4, 2),
(46, 'SR', 'Chris', 'Burr', '6414 North 8353 West', 'Bismarck', 'UT', '84101', 'hourly', 16, 2),
(47, 'Associate', 'Kim', 'Lord', '8264 North 5429 West', 'Provo', 'UT', '84101', 'salary', 13, 11),
(48, 'VP', 'Alicia', 'McKay', '9361 South 5043 East', 'Berkley', 'CA', '84050', 'salary', 5, 1),
(49, 'Lead', 'Nicole', 'Tindal', '4691 North 5501 West', 'Provo', 'UT', '75673', 'salary', 9, 8),
(50, 'Associate', 'Randy', 'Peirce', '9590 South 1514 East', 'Pierre', 'UT', '84101', 'salary', 15, 1),
(51, 'Lead', 'Nicole', 'Tindal', '9404 North 4287 West', 'Provo', 'UT', '75673', 'salary', 9, 8),
(52, 'SR', 'Stephanie', 'Pales', '2172 North 1453 East', 'Portland', 'OR', '12958', 'hourly', 4, 9),
(53, 'SR', 'Stephanie', 'Pales', '3468 North 7031 East', 'Portland', 'OR', '12958', 'hourly', 4, 13),
(54, 'Associate', 'Carrie', 'Bishoff', '9420 South 1186 West', 'Las Vegas', 'UT', '84101', 'hourly', 14, 2),
(55, 'Lead', 'Alex', 'Johnson', '9123 North 2511 West', 'Seattle', 'WA', '56290', 'salary', 3, 9),
(56, 'SR', 'Stephanie', 'Pales', '7683 South 9083 West', 'Portland', 'OR', '12958', 'hourly', 4, 3),
(57, 'Lead', 'Nicole', 'Tindal', '4930 South 3887 East', 'Provo', 'UT', '75673', 'salary', 9, 8),
(58, 'SR', 'Stephanie', 'Pales', '5085 North 7587 East', 'Portland', 'OR', '12958', 'hourly', 4, 1),
(59, 'SR', 'Stephanie', 'Pales', '2573 North 1261 West', 'Portland', 'OR', '12958', 'hourly', 4, 2),
(60, 'Director', 'Joe', 'Smith', '8692 South 6018 West', 'Phoenix', 'AZ', '76102', 'hourly', 2, 6),
(61, 'Associate', 'Kim', 'Lord', '9769 South 2762 East', 'Provo', 'UT', '84101', 'salary', 13, 5),
(62, 'Director', 'Jeremy', 'Groves', '4075 North 7675 East', 'Brooklynn', 'NY', '76485', 'hourly', 8, 4),
(63, 'SR', 'Chris', 'Burr', '5546 South 7793 West', 'Bismarck', 'UT', '84101', 'hourly', 16, 14),
(64, 'SR', 'Laura', 'Hansen', '9830 North 4596 East', 'Las Vegas', 'NV', '19837', 'hourly', 10, 7),
(65, 'SR', 'Chris', 'Burr', '1286 North 4092 West', 'Bismarck', 'UT', '84101', 'hourly', 16, 5),
(66, 'Associate', 'Kim', 'Lord', '8289 South 3053 East', 'Provo', 'UT', '84101', 'salary', 13, 10),
(67, 'Director', 'Joe', 'Smith', '5968 South 3669 West', 'Phoenix', 'AZ', '76102', 'hourly', 2, 12),
(68, 'VP', 'Alicia', 'McKay', '4671 South 4019 East', 'Berkley', 'CA', '84050', 'salary', 5, 10),
(69, 'Manager', 'John', 'Jensen', '2803 South 8595 West', 'Tempe', 'AZ', '85765', 'salary', 7, 1),
(70, 'SR', 'Stephanie', 'Pales', '5080 South 7704 West', 'Portland', 'OR', '12958', 'hourly', 4, 9),
(71, 'VP', 'Megan', 'Byron', '6300 South 8071 East', 'Pierre', 'SD', '73520', 'salary', 11, 5),
(72, 'Lead', 'Nicole', 'Tindal', '8886 South 8246 West', 'Provo', 'UT', '75673', 'salary', 9, 13),
(73, 'Director', 'Joe', 'Smith', '9229 North 2825 West', 'Phoenix', 'AZ', '76102', 'hourly', 2, 2),
(74, 'SR', 'Stephanie', 'Pales', '4097 North 7235 West', 'Portland', 'OR', '12958', 'hourly', 4, 11),
(75, 'SR', 'Chris', 'Burr', '6325 South 4301 East', 'Bismarck', 'UT', '84101', 'hourly', 16, 3),
(76, 'Director', 'Jeremy', 'Groves', '8869 South 1427 East', 'Brooklynn', 'NY', '76485', 'hourly', 8, 1),
(77, 'Manager', 'Bob', 'Taylor', '3935 North 7928 West', 'Salt Lake City', 'UT', '84101', 'salary', 1, 10),
(78, 'VP', 'Alicia', 'McKay', '3513 South 1734 West', 'Berkley', 'CA', '84050', 'salary', 5, 5),
(79, 'Associate', 'Jilian', 'Allen', '5429 North 2946 West', 'Los Angeles', 'CA', '26848', 'hourly', 6, 14),
(80, 'Lead', 'Alex', 'Johnson', '3444 North 5760 West', 'Seattle', 'WA', '56290', 'salary', 3, 12),
(81, 'VP', 'Megan', 'Byron', '4433 North 9941 West', 'Pierre', 'SD', '73520', 'salary', 11, 9),
(82, 'Associate', 'Carrie', 'Bishoff', '5195 North 6363 East', 'Las Vegas', 'UT', '84101', 'hourly', 14, 6),
(83, 'Manager', 'Bob', 'Taylor', '2862 South 6830 East', 'Salt Lake City', 'UT', '84101', 'salary', 1, 5),
(84, 'Associate', 'Marcy', 'Tice', '3407 North 3222 East', 'Bismarck', 'ND', '28895', 'hourly', 12, 4),
(85, 'SR', 'Chris', 'Burr', '8750 North 5005 West', 'Bismarck', 'UT', '84101', 'hourly', 16, 12),
(86, 'Manager', 'John', 'Jensen', '1669 North 2876 West', 'Tempe', 'AZ', '85765', 'salary', 7, 14),
(87, 'Director', 'Joe', 'Smith', '4083 North 3974 East', 'Phoenix', 'AZ', '76102', 'hourly', 2, 4),
(88, 'SR', 'Chris', 'Burr', '2015 North 3316 East', 'Bismarck', 'UT', '84101', 'hourly', 16, 2),
(89, 'Lead', 'Alex', 'Johnson', '4852 South 5599 East', 'Seattle', 'WA', '56290', 'salary', 3, 3),
(90, 'Associate', 'Jilian', 'Allen', '1526 North 7108 West', 'Los Angeles', 'CA', '26848', 'hourly', 6, 3),
(91, 'Director', 'Jeremy', 'Groves', '3373 North 2639 West', 'Brooklynn', 'NY', '76485', 'hourly', 8, 10),
(92, 'VP', 'Megan', 'Byron', '1830 South 9796 West', 'Pierre', 'SD', '73520', 'salary', 11, 3),
(93, 'Manager', 'John', 'Jensen', '5143 South 3890 West', 'Tempe', 'AZ', '85765', 'salary', 7, 3),
(94, 'Associate', 'Kim', 'Lord', '7146 South 7395 East', 'Provo', 'UT', '84101', 'salary', 13, 5),
(95, 'VP', 'Alicia', 'McKay', '7430 North 3537 East', 'Berkley', 'CA', '84050', 'salary', 5, 8),
(96, 'SR', 'Laura', 'Hansen', '6205 South 7157 East', 'Las Vegas', 'NV', '19837', 'hourly', 10, 1),
(97, 'VP', 'Alicia', 'McKay', '4374 North 1661 East', 'Berkley', 'CA', '84050', 'salary', 5, 14),
(98, 'Associate', 'Kim', 'Lord', '1046 South 3764 East', 'Provo', 'UT', '84101', 'salary', 13, 5),
(99, 'Associate', 'Carrie', 'Bishoff', '2553 North 4731 West', 'Las Vegas', 'UT', '84101', 'hourly', 14, 6),
(100, 'SR', 'Laura', 'Hansen', '6417 North 4689 East', 'Las Vegas', 'NV', '19837', 'hourly', 10, 4),
(101, 'test', 'test', 'test', 'test', 'test', 'test', '12345', 'test', 1234, 1);

-- --------------------------------------------------------

--
-- Table structure for table `equipment`
--

DROP TABLE IF EXISTS `equipment`;
CREATE TABLE IF NOT EXISTS `equipment` (
  `id` int(10) UNSIGNED NOT NULL AUTO_INCREMENT,
  `equipment_type` varchar(128) NOT NULL,
  `yearly_cost` float NOT NULL,
  `year` int(4) UNSIGNED DEFAULT NULL,
  PRIMARY KEY (`id`)
) ENGINE=InnoDB AUTO_INCREMENT=297 DEFAULT CHARSET=latin1;

--
-- Dumping data for table `equipment`
--

INSERT INTO `equipment` (`id`, `equipment_type`, `yearly_cost`, `year`) VALUES
(1, 'mens hockey', 87334.5, 1989),
(2, 'mens hockey', 19519.6, 1990),
(3, 'mens hockey', 95583.2, 1991),
(4, 'mens hockey', 85942, 1992),
(5, 'mens hockey', 24290.1, 1993),
(6, 'mens hockey', 35552.6, 1994),
(7, 'mens hockey', 37059.4, 1995),
(8, 'mens hockey', 20128.2, 1996),
(9, 'mens hockey', 40687.1, 1997),
(10, 'mens hockey', 46681.1, 1998),
(11, 'mens hockey', 44068.5, 1999),
(12, 'mens hockey', 33109.3, 2000),
(13, 'mens hockey', 49020.1, 2001),
(14, 'mens hockey', 90460.2, 2002),
(15, 'mens hockey', 89558.4, 2003),
(16, 'mens hockey', 14191.6, 2004),
(17, 'mens hockey', 99474.8, 2005),
(18, 'mens hockey', 8338.2, 2006),
(19, 'mens hockey', 49010.9, 2007),
(20, 'mens hockey', 93676.1, 2008),
(21, 'mens hockey', 78147.1, 2009),
(22, 'mens hockey', 71390.3, 2010),
(23, 'mens hockey', 61881.2, 2011),
(24, 'mens hockey', 43994.8, 2012),
(25, 'mens hockey', 77680.8, 2013),
(26, 'mens hockey', 30474.2, 2014),
(27, 'mens hockey', 20698.9, 2015),
(28, 'mens hockey', 78674.2, 2016),
(29, 'womens hockey', 29626.9, 1997),
(30, 'womens hockey', 70481.7, 1998),
(31, 'womens hockey', 88440.4, 1999),
(32, 'womens hockey', 59985, 2000),
(33, 'womens hockey', 24557.9, 2001),
(34, 'womens hockey', 91829.1, 2002),
(35, 'womens hockey', 19390.4, 2003),
(36, 'womens hockey', 89433.8, 2004),
(37, 'womens hockey', 56810.6, 2005),
(38, 'womens hockey', 63160.7, 2006),
(39, 'womens hockey', 38737.7, 2007),
(40, 'womens hockey', 60725.4, 2008),
(41, 'womens hockey', 16940.4, 2009),
(42, 'womens hockey', 2621.19, 2010),
(43, 'womens hockey', 20331, 2011),
(44, 'womens hockey', 42925.8, 2012),
(45, 'womens hockey', 31072.8, 2013),
(46, 'womens hockey', 39278.6, 2014),
(47, 'womens hockey', 41907.4, 2015),
(48, 'womens hockey', 83741.1, 2016),
(49, 'mens basketball', 90741, 1985),
(50, 'mens basketball', 96237.4, 1986),
(51, 'mens basketball', 77751.2, 1987),
(52, 'mens basketball', 8805.8, 1988),
(53, 'mens basketball', 47063.1, 1989),
(54, 'mens basketball', 95520.3, 1990),
(55, 'mens basketball', 34487.7, 1991),
(56, 'mens basketball', 5094.64, 1992),
(57, 'mens basketball', 7279.67, 1993),
(58, 'mens basketball', 60193.4, 1994),
(59, 'mens basketball', 23552.4, 1995),
(60, 'mens basketball', 91447, 1996),
(61, 'mens basketball', 88626.8, 1997),
(62, 'mens basketball', 74469.9, 1998),
(63, 'mens basketball', 18697.3, 1999),
(64, 'mens basketball', 27773.6, 2000),
(65, 'mens basketball', 58380.1, 2001),
(66, 'mens basketball', 16644.2, 2002),
(67, 'mens basketball', 71421.2, 2003),
(68, 'mens basketball', 10398.5, 2004),
(69, 'mens basketball', 15591.4, 2005),
(70, 'mens basketball', 61226.3, 2006),
(71, 'mens basketball', 64982.7, 2007),
(72, 'mens basketball', 75753.8, 2008),
(73, 'mens basketball', 17339.4, 2009),
(74, 'mens basketball', 46133.2, 2010),
(75, 'mens basketball', 5407.36, 2011),
(76, 'mens basketball', 11918.1, 2012),
(77, 'mens basketball', 54962.9, 2013),
(78, 'mens basketball', 55627.3, 2014),
(79, 'mens basketball', 31375.5, 2015),
(80, 'mens basketball', 80548.8, 2016),
(81, 'womens basketball', 34584, 2003),
(82, 'womens basketball', 82216, 2004),
(83, 'womens basketball', 30014.7, 2005),
(84, 'womens basketball', 78272.4, 2006),
(85, 'womens basketball', 73324.6, 2007),
(86, 'womens basketball', 96422.5, 2008),
(87, 'womens basketball', 65339.5, 2009),
(88, 'womens basketball', 10428.4, 2010),
(89, 'womens basketball', 48903.5, 2011),
(90, 'womens basketball', 62777.1, 2012),
(91, 'womens basketball', 15898, 2013),
(92, 'womens basketball', 3067.71, 2014),
(93, 'womens basketball', 19647.8, 2015),
(94, 'womens basketball', 45222.1, 2016),
(95, 'baseball', 25352, 1987),
(96, 'baseball', 90072.2, 1988),
(97, 'baseball', 47585.4, 1989),
(98, 'baseball', 6511.53, 1990),
(99, 'baseball', 49356.8, 1991),
(100, 'baseball', 64961.5, 1992),
(101, 'baseball', 20043.3, 1993),
(102, 'baseball', 2079, 1994),
(103, 'baseball', 28789.6, 1995),
(104, 'baseball', 6841.03, 1996),
(105, 'baseball', 65013.9, 1997),
(106, 'baseball', 29824.8, 1998),
(107, 'baseball', 3591.32, 1999),
(108, 'baseball', 8883.3, 2000),
(109, 'baseball', 50258, 2001),
(110, 'baseball', 48169.7, 2002),
(111, 'baseball', 12151.1, 2003),
(112, 'baseball', 58536.1, 2004),
(113, 'baseball', 29447.1, 2005),
(114, 'baseball', 51912.4, 2006),
(115, 'baseball', 73942.1, 2007),
(116, 'baseball', 6549.14, 2008),
(117, 'baseball', 37539.4, 2009),
(118, 'baseball', 31854.8, 2010),
(119, 'baseball', 24994.2, 2011),
(120, 'baseball', 41659, 2012),
(121, 'baseball', 81832, 2013),
(122, 'baseball', 57404.6, 2014),
(123, 'baseball', 68883.3, 2015),
(124, 'baseball', 13530.8, 2016),
(125, 'softball', 66236.2, 2007),
(126, 'softball', 20263, 2008),
(127, 'softball', 36445.9, 2009),
(128, 'softball', 74801.4, 2010),
(129, 'softball', 89993.3, 2011),
(130, 'softball', 77350.9, 2012),
(131, 'softball', 60362.8, 2013),
(132, 'softball', 15603.9, 2014),
(133, 'softball', 21800.4, 2015),
(134, 'softball', 99254.7, 2016),
(135, 'mens soccer', 15090, 2009),
(136, 'mens soccer', 28810.7, 2010),
(137, 'mens soccer', 90637.5, 2011),
(138, 'mens soccer', 50213.1, 2012),
(139, 'mens soccer', 1974.2, 2013),
(140, 'mens soccer', 22931, 2014),
(141, 'mens soccer', 15676.4, 2015),
(142, 'mens soccer', 60993.2, 2016),
(143, 'womens soccer', 53110.4, 1982),
(144, 'womens soccer', 46853.3, 1983),
(145, 'womens soccer', 99973.2, 1984),
(146, 'womens soccer', 31083.3, 1985),
(147, 'womens soccer', 47412.9, 1986),
(148, 'womens soccer', 99418.7, 1987),
(149, 'womens soccer', 54673.2, 1988),
(150, 'womens soccer', 59429.2, 1989),
(151, 'womens soccer', 34273.3, 1990),
(152, 'womens soccer', 25964.9, 1991),
(153, 'womens soccer', 79741.8, 1992),
(154, 'womens soccer', 12971.1, 1993),
(155, 'womens soccer', 54294.1, 1994),
(156, 'womens soccer', 80102.3, 1995),
(157, 'womens soccer', 65614, 1996),
(158, 'womens soccer', 2985.77, 1997),
(159, 'womens soccer', 63187.9, 1998),
(160, 'womens soccer', 73783.8, 1999),
(161, 'womens soccer', 41820, 2000),
(162, 'womens soccer', 38533.9, 2001),
(163, 'womens soccer', 77301, 2002),
(164, 'womens soccer', 20260.3, 2003),
(165, 'womens soccer', 33638.2, 2004),
(166, 'womens soccer', 63744.1, 2005),
(167, 'womens soccer', 88291.1, 2006),
(168, 'womens soccer', 26995.6, 2007),
(169, 'womens soccer', 11797.3, 2008),
(170, 'womens soccer', 52298.6, 2009),
(171, 'womens soccer', 4301.87, 2010),
(172, 'womens soccer', 87501.9, 2011),
(173, 'womens soccer', 49775.1, 2012),
(174, 'womens soccer', 41668.1, 2013),
(175, 'womens soccer', 3417.2, 2014),
(176, 'womens soccer', 81854.2, 2015),
(177, 'womens soccer', 16614.7, 2016),
(178, 'field hockey', 66373.7, 2008),
(179, 'field hockey', 3527.61, 2009),
(180, 'field hockey', 42908.4, 2010),
(181, 'field hockey', 58125.9, 2011),
(182, 'field hockey', 13883.7, 2012),
(183, 'field hockey', 34665.3, 2013),
(184, 'field hockey', 54783.4, 2014),
(185, 'field hockey', 63474.2, 2015),
(186, 'field hockey', 90817.2, 2016),
(187, 'polo', 69534.7, 1999),
(188, 'polo', 85292.5, 2000),
(189, 'polo', 5445.9, 2001),
(190, 'polo', 40529.3, 2002),
(191, 'polo', 43206, 2003),
(192, 'polo', 94416.7, 2004),
(193, 'polo', 8573.05, 2005),
(194, 'polo', 41108.5, 2006),
(195, 'polo', 80405.1, 2007),
(196, 'polo', 70846.3, 2008),
(197, 'polo', 24397.4, 2009),
(198, 'polo', 31404.5, 2010),
(199, 'polo', 66880.7, 2011),
(200, 'polo', 28985.1, 2012),
(201, 'polo', 70269, 2013),
(202, 'polo', 26140.9, 2014),
(203, 'polo', 28221.1, 2015),
(204, 'polo', 25577.6, 2016),
(205, 'mens lacrosse', 14633.5, 1987),
(206, 'mens lacrosse', 29310.8, 1988),
(207, 'mens lacrosse', 45871.2, 1989),
(208, 'mens lacrosse', 64826.2, 1990),
(209, 'mens lacrosse', 60801.9, 1991),
(210, 'mens lacrosse', 75213.2, 1992),
(211, 'mens lacrosse', 90537, 1993),
(212, 'mens lacrosse', 96996.1, 1994),
(213, 'mens lacrosse', 83940.9, 1995),
(214, 'mens lacrosse', 23861.9, 1996),
(215, 'mens lacrosse', 87070.8, 1997),
(216, 'mens lacrosse', 52523.2, 1998),
(217, 'mens lacrosse', 90194.7, 1999),
(218, 'mens lacrosse', 32422.7, 2000),
(219, 'mens lacrosse', 90574.6, 2001),
(220, 'mens lacrosse', 33318.5, 2002),
(221, 'mens lacrosse', 28255.4, 2003),
(222, 'mens lacrosse', 11640.8, 2004),
(223, 'mens lacrosse', 33517, 2005),
(224, 'mens lacrosse', 36915.7, 2006),
(225, 'mens lacrosse', 66441.3, 2007),
(226, 'mens lacrosse', 6648.59, 2008),
(227, 'mens lacrosse', 67219.4, 2009),
(228, 'mens lacrosse', 75286.8, 2010),
(229, 'mens lacrosse', 55616.7, 2011),
(230, 'mens lacrosse', 13298.1, 2012),
(231, 'mens lacrosse', 22456.7, 2013),
(232, 'mens lacrosse', 98966.8, 2014),
(233, 'mens lacrosse', 80981.2, 2015),
(234, 'mens lacrosse', 65109.1, 2016),
(235, 'womens lacrosse', 30192.1, 1990),
(236, 'womens lacrosse', 51538.4, 1991),
(237, 'womens lacrosse', 87694.7, 1992),
(238, 'womens lacrosse', 36836.4, 1993),
(239, 'womens lacrosse', 3028.25, 1994),
(240, 'womens lacrosse', 10573.8, 1995),
(241, 'womens lacrosse', 61030.5, 1996),
(242, 'womens lacrosse', 88192.2, 1997),
(243, 'womens lacrosse', 15289.2, 1998),
(244, 'womens lacrosse', 45497.1, 1999),
(245, 'womens lacrosse', 23834.8, 2000),
(246, 'womens lacrosse', 85429.5, 2001),
(247, 'womens lacrosse', 65799.5, 2002),
(248, 'womens lacrosse', 25674.9, 2003),
(249, 'womens lacrosse', 72812.2, 2004),
(250, 'womens lacrosse', 49544.9, 2005),
(251, 'womens lacrosse', 52062.4, 2006),
(252, 'womens lacrosse', 21682.4, 2007),
(253, 'womens lacrosse', 41855.6, 2008),
(254, 'womens lacrosse', 6130.8, 2009),
(255, 'womens lacrosse', 10092.4, 2010),
(256, 'womens lacrosse', 16900.3, 2011),
(257, 'womens lacrosse', 94761.2, 2012),
(258, 'womens lacrosse', 92264.7, 2013),
(259, 'womens lacrosse', 29554.2, 2014),
(260, 'womens lacrosse', 29621.6, 2015),
(261, 'womens lacrosse', 38805.3, 2016),
(262, 'football', 80920.8, 2006),
(263, 'football', 60441.7, 2007),
(264, 'football', 23001, 2008),
(265, 'football', 16326.1, 2009),
(266, 'football', 51062.5, 2010),
(267, 'football', 47862.8, 2011),
(268, 'football', 74317.7, 2012),
(269, 'football', 77894.4, 2013),
(270, 'football', 77712.1, 2014),
(271, 'football', 76057.6, 2015),
(272, 'football', 16335.5, 2016),
(273, 'gymnastics', 80258.7, 1993),
(274, 'gymnastics', 53143.9, 1994),
(275, 'gymnastics', 45756.6, 1995),
(276, 'gymnastics', 33534.1, 1996),
(277, 'gymnastics', 94341, 1997),
(278, 'gymnastics', 70831.6, 1998),
(279, 'gymnastics', 38435.1, 1999),
(280, 'gymnastics', 43065.5, 2000),
(281, 'gymnastics', 72369.8, 2001),
(282, 'gymnastics', 69502.2, 2002),
(283, 'gymnastics', 44524.1, 2003),
(284, 'gymnastics', 61820.4, 2004),
(285, 'gymnastics', 2760.99, 2005),
(286, 'gymnastics', 32591.7, 2006),
(287, 'gymnastics', 64876.4, 2007),
(288, 'gymnastics', 73671.8, 2008),
(289, 'gymnastics', 13280.8, 2009),
(290, 'gymnastics', 94860.7, 2010),
(291, 'gymnastics', 10961.9, 2011),
(292, 'gymnastics', 77540.3, 2012),
(293, 'gymnastics', 58574.6, 2013),
(294, 'gymnastics', 83229.6, 2014),
(295, 'gymnastics', 19000, 2015),
(296, 'gymnastics', 56204.5, 2016);

-- --------------------------------------------------------

--
-- Table structure for table `equipment_purpose`
--

DROP TABLE IF EXISTS `equipment_purpose`;
CREATE TABLE IF NOT EXISTS `equipment_purpose` (
  `equipment_id` int(10) UNSIGNED NOT NULL,
  `team_id` int(10) UNSIGNED NOT NULL,
  KEY `equipment_id` (`equipment_id`),
  KEY `team_id` (`team_id`)
) ENGINE=InnoDB DEFAULT CHARSET=latin1;

--
-- Dumping data for table `equipment_purpose`
--

INSERT INTO `equipment_purpose` (`equipment_id`, `team_id`) VALUES
(1, 1),
(2, 1),
(3, 1),
(4, 1),
(5, 1),
(6, 1),
(7, 1),
(8, 1),
(9, 1),
(10, 1),
(11, 1),
(12, 1),
(13, 1),
(14, 1),
(15, 1),
(16, 1),
(17, 1),
(18, 1),
(19, 1),
(20, 1),
(21, 1),
(22, 1),
(23, 1),
(24, 1),
(25, 1),
(26, 1),
(27, 1),
(28, 1),
(29, 2),
(30, 2),
(31, 2),
(32, 2),
(33, 2),
(34, 2),
(35, 2),
(36, 2),
(37, 2),
(38, 2),
(39, 2),
(40, 2),
(41, 2),
(42, 2),
(43, 2),
(44, 2),
(45, 2),
(46, 2),
(47, 2),
(48, 2),
(49, 3),
(50, 3),
(51, 3),
(52, 3),
(53, 3),
(54, 3),
(55, 3),
(56, 3),
(57, 3),
(58, 3),
(59, 3),
(60, 3),
(61, 3),
(62, 3),
(63, 3),
(64, 3),
(65, 3),
(66, 3),
(67, 3),
(68, 3),
(69, 3),
(70, 3),
(71, 3),
(72, 3),
(73, 3),
(74, 3),
(75, 3),
(76, 3),
(77, 3),
(78, 3),
(79, 3),
(80, 3),
(81, 4),
(82, 4),
(83, 4),
(84, 4),
(85, 4),
(86, 4),
(87, 4),
(88, 4),
(89, 4),
(90, 4),
(91, 4),
(92, 4),
(93, 4),
(94, 4),
(95, 5),
(96, 5),
(97, 5),
(98, 5),
(99, 5),
(100, 5),
(101, 5),
(102, 5),
(103, 5),
(104, 5),
(105, 5),
(106, 5),
(107, 5),
(108, 5),
(109, 5),
(110, 5),
(111, 5),
(112, 5),
(113, 5),
(114, 5),
(115, 5),
(116, 5),
(117, 5),
(118, 5),
(119, 5),
(120, 5),
(121, 5),
(122, 5),
(123, 5),
(124, 5),
(125, 6),
(126, 6),
(127, 6),
(128, 6),
(129, 6),
(130, 6),
(131, 6),
(132, 6),
(133, 6),
(134, 6),
(135, 7),
(136, 7),
(137, 7),
(138, 7),
(139, 7),
(140, 7),
(141, 7),
(142, 7),
(143, 8),
(144, 8),
(145, 8),
(146, 8),
(147, 8),
(148, 8),
(149, 8),
(150, 8),
(151, 8),
(152, 8),
(153, 8),
(154, 8),
(155, 8),
(156, 8),
(157, 8),
(158, 8),
(159, 8),
(160, 8),
(161, 8),
(162, 8),
(163, 8),
(164, 8),
(165, 8),
(166, 8),
(167, 8),
(168, 8),
(169, 8),
(170, 8),
(171, 8),
(172, 8),
(173, 8),
(174, 8),
(175, 8),
(176, 8),
(177, 8),
(178, 9),
(179, 9),
(180, 9),
(181, 9),
(182, 9),
(183, 9),
(184, 9),
(185, 9),
(186, 9),
(187, 10),
(188, 10),
(189, 10),
(190, 10),
(191, 10),
(192, 10),
(193, 10),
(194, 10),
(195, 10),
(196, 10),
(197, 10),
(198, 10),
(199, 10),
(200, 10),
(201, 10),
(202, 10),
(203, 10),
(204, 10),
(205, 11),
(206, 11),
(207, 11),
(208, 11),
(209, 11),
(210, 11),
(211, 11),
(212, 11),
(213, 11),
(214, 11),
(215, 11),
(216, 11),
(217, 11),
(218, 11),
(219, 11),
(220, 11),
(221, 11),
(222, 11),
(223, 11),
(224, 11),
(225, 11),
(226, 11),
(227, 11),
(228, 11),
(229, 11),
(230, 11),
(231, 11),
(232, 11),
(233, 11),
(234, 11),
(235, 12),
(236, 12),
(237, 12),
(238, 12),
(239, 12),
(240, 12),
(241, 12),
(242, 12),
(243, 12),
(244, 12),
(245, 12),
(246, 12),
(247, 12),
(248, 12),
(249, 12),
(250, 12),
(251, 12),
(252, 12),
(253, 12),
(254, 12),
(255, 12),
(256, 12),
(257, 12),
(258, 12),
(259, 12),
(260, 12),
(261, 12),
(262, 13),
(263, 13),
(264, 13),
(265, 13),
(266, 13),
(267, 13),
(268, 13),
(269, 13),
(270, 13),
(271, 13),
(272, 13),
(273, 14),
(274, 14),
(275, 14),
(276, 14),
(277, 14),
(278, 14),
(279, 14),
(280, 14),
(281, 14),
(282, 14),
(283, 14),
(284, 14),
(285, 14),
(286, 14),
(287, 14),
(288, 14),
(289, 14),
(290, 14),
(291, 14),
(292, 14),
(293, 14),
(294, 14),
(295, 14),
(296, 14);

-- --------------------------------------------------------

--
-- Table structure for table `event`
--

DROP TABLE IF EXISTS `event`;
CREATE TABLE IF NOT EXISTS `event` (
  `id` int(10) UNSIGNED NOT NULL AUTO_INCREMENT,
  `income` float NOT NULL,
  `event_date` date NOT NULL,
  `opposing_team` varchar(128) DEFAULT NULL,
  `attendance` int(10) UNSIGNED DEFAULT NULL,
  `team_id` int(10) UNSIGNED NOT NULL,
  `venue_id` int(10) UNSIGNED NOT NULL,
  PRIMARY KEY (`id`),
  KEY `team_id` (`team_id`),
  KEY `venue_id` (`venue_id`)
) ENGINE=InnoDB AUTO_INCREMENT=201 DEFAULT CHARSET=latin1;

--
-- Dumping data for table `event`
--

INSERT INTO `event` (`id`, `income`, `event_date`, `opposing_team`, `attendance`, `team_id`, `venue_id`) VALUES
(1, 73279.1, '1999-03-11', 'Oregon University', 6820, 14, 21),
(2, 56665.4, '2017-05-07', 'Colorado State', 8728, 10, 17),
(3, 84296.9, '2009-09-08', 'Nevada', 3699, 8, 2),
(4, 48816.6, '2013-05-02', 'Washington State', 1373, 13, 73),
(5, 80579.3, '2016-12-04', 'USU', 5855, 5, 99),
(6, 7219.85, '1999-01-15', 'SUU', 1086, 7, 18),
(7, 68944.5, '2006-02-27', 'ASU', 9234, 2, 2),
(8, 47917.7, '1996-05-03', 'Boise State', 1701, 12, 1),
(9, 37681.7, '1996-05-22', 'SUU', 7575, 7, 12),
(10, 74725.3, '2005-10-30', 'ASU', 9902, 2, 26),
(11, 95028.4, '2014-04-22', 'NYU', 5218, 3, 49),
(12, 18452.9, '2009-06-14', 'Colorado State', 4309, 10, 68),
(13, 32177.3, '1995-05-20', 'SUU', 3078, 7, 77),
(14, 6793.62, '2005-11-22', 'Nevada', 9146, 8, 46),
(15, 34699, '2006-08-09', 'Nevada', 3843, 8, 83),
(16, 75391.2, '2009-04-07', 'Wyoming', 5763, 9, 21),
(17, 85360.6, '2005-09-21', 'Wyoming', 8281, 9, 53),
(18, 10721.9, '2010-05-28', 'UVU', 1287, 6, 36),
(19, 47590.5, '1999-04-08', 'USU', 3492, 5, 58),
(20, 80934, '2011-03-01', 'Washington State', 2762, 13, 63),
(21, 36097.4, '2011-06-05', 'Boise State', 5273, 12, 65),
(22, 81590, '2007-08-29', 'Boise State', 4233, 12, 30),
(23, 65584.2, '2001-11-26', 'Wyoming', 9269, 9, 32),
(24, 70932.5, '2012-02-18', 'BYU', 1255, 1, 71),
(25, 53625.4, '2004-03-02', 'Washington State', 9150, 13, 7),
(26, 10693.8, '2016-07-15', 'SUU', 2934, 7, 86),
(27, 73655.3, '1995-08-17', 'University of Colorado', 4084, 11, 78),
(28, 89485.5, '2015-01-25', 'Wyoming', 8297, 9, 5),
(29, 77250.7, '1999-09-03', 'Wyoming', 7548, 9, 65),
(30, 2961.53, '2012-02-15', 'Washington State', 3770, 13, 52),
(31, 68388.4, '2002-12-21', 'UVU', 1976, 6, 38),
(32, 55879.5, '2006-09-13', 'Nevada', 5158, 8, 64),
(33, 46769.9, '2000-01-28', 'Oregon University', 7419, 14, 72),
(34, 67607.9, '2001-08-14', 'USU', 1984, 5, 81),
(35, 11128, '2013-10-27', 'USU', 5705, 5, 31),
(36, 60299.2, '2016-10-05', 'Washington State', 7395, 13, 35),
(37, 16485.7, '1998-07-01', 'Oregon University', 4245, 14, 68),
(38, 71860.4, '2008-08-22', 'Oregon University', 2761, 14, 83),
(39, 92087, '1999-03-15', 'Washington State', 4301, 13, 21),
(40, 44875.4, '1999-05-10', 'SUU', 7775, 7, 68),
(41, 56188.4, '2014-06-28', 'ASU', 3832, 2, 68),
(42, 78473.7, '2011-07-03', 'NYU', 1767, 3, 37),
(43, 68893.3, '2010-05-07', 'Nevada', 4835, 8, 95),
(44, 59364.9, '1996-09-01', 'Colorado State', 7679, 10, 8),
(45, 27431.5, '2003-01-26', 'Boise State', 7470, 12, 48),
(46, 34250, '2008-01-27', 'Boise State', 3606, 12, 15),
(47, 32532.9, '2010-07-08', 'SUU', 8357, 7, 96),
(48, 12774.3, '2014-01-18', 'USU', 4370, 5, 92),
(49, 68156.7, '2001-03-28', 'Washington State', 5853, 13, 60),
(50, 63554.1, '1996-04-15', 'Oregon State', 1534, 4, 9),
(51, 63536.8, '1995-03-14', 'Colorado State', 9944, 10, 57),
(52, 50424.8, '2009-10-19', 'ASU', 2384, 2, 93),
(53, 44059.1, '2012-07-21', 'Colorado State', 8462, 10, 51),
(54, 7936.69, '1995-12-01', 'UVU', 1398, 6, 8),
(55, 67142.1, '1996-08-03', 'USU', 3666, 5, 83),
(56, 56768.6, '2003-09-24', 'Oregon State', 2292, 4, 6),
(57, 89638.7, '2012-09-12', 'Oregon State', 9472, 4, 37),
(58, 88643.2, '2003-02-20', 'Wyoming', 2396, 9, 83),
(59, 27902, '2015-01-03', 'Wyoming', 5167, 9, 79),
(60, 63376, '2015-06-27', 'USU', 5659, 5, 66),
(61, 52693.6, '2005-10-11', 'Oregon State', 6652, 4, 30),
(62, 86052.4, '1998-10-24', 'Oregon State', 4194, 4, 61),
(63, 94491.1, '2004-05-25', 'Oregon State', 9109, 4, 47),
(64, 64674.2, '2013-04-05', 'Nevada', 5174, 8, 28),
(65, 16179.8, '1998-09-22', 'Nevada', 9394, 8, 14),
(66, 77925.9, '2009-03-26', 'Wyoming', 4011, 9, 79),
(67, 47696.8, '2011-07-04', 'Colorado State', 8293, 10, 2),
(68, 35840.2, '1999-08-22', 'University of Colorado', 5796, 11, 67),
(69, 93559.7, '1997-06-25', 'Nevada', 4377, 8, 31),
(70, 29103.8, '2013-04-21', 'Boise State', 5435, 12, 64),
(71, 17137.3, '2004-05-25', 'USU', 6424, 5, 52),
(72, 66566.6, '2014-01-05', 'USU', 7534, 5, 68),
(73, 52060.2, '2002-10-27', 'NYU', 8556, 3, 35),
(74, 70852.8, '1997-06-19', 'NYU', 6446, 3, 45),
(75, 97701.3, '2014-06-19', 'USU', 7294, 5, 59),
(76, 22115.5, '2013-05-01', 'NYU', 7332, 3, 75),
(77, 58508.6, '2010-11-26', 'Wyoming', 6903, 9, 58),
(78, 97297, '1996-11-23', 'Oregon University', 1448, 14, 3),
(79, 80349.3, '1996-09-16', 'USU', 7991, 5, 75),
(80, 85349.9, '2005-12-10', 'UVU', 9203, 6, 39),
(81, 78731.2, '2010-07-17', 'SUU', 3139, 7, 88),
(82, 35775.2, '2012-06-01', 'Wyoming', 4519, 9, 66),
(83, 41902.3, '2000-07-27', 'University of Colorado', 5128, 11, 59),
(84, 53499.5, '2009-01-24', 'NYU', 4840, 3, 44),
(85, 74719.4, '2012-04-19', 'Boise State', 6739, 12, 16),
(86, 47466.2, '2007-10-11', 'UVU', 3764, 6, 42),
(87, 44761.8, '1996-01-06', 'UVU', 2515, 6, 11),
(88, 54321.6, '1999-09-16', 'Boise State', 7824, 12, 14),
(89, 25061.4, '1997-03-08', 'ASU', 3459, 2, 71),
(90, 34482.7, '2003-06-21', 'Boise State', 6503, 12, 80),
(91, 64229.2, '2008-03-24', 'Colorado State', 8528, 10, 16),
(92, 8528.23, '2015-10-25', 'Wyoming', 2319, 9, 95),
(93, 96037.5, '2013-05-22', 'BYU', 2781, 1, 31),
(94, 84717.9, '2012-10-03', 'Washington State', 2443, 13, 73),
(95, 88814.9, '2000-04-23', 'Washington State', 5910, 13, 71),
(96, 73251.3, '2010-11-30', 'UVU', 4983, 6, 91),
(97, 97665.8, '2015-09-28', 'Wyoming', 9596, 9, 47),
(98, 90723.1, '2016-04-13', 'Washington State', 9250, 13, 77),
(99, 43088.8, '2015-12-30', 'UVU', 9738, 6, 41),
(100, 87206.8, '2002-07-21', 'Nevada', 9988, 8, 1),
(101, 71756.5, '2002-08-10', 'Boise State', 3418, 12, 64),
(102, 11989.4, '2008-08-16', 'Colorado State', 6723, 10, 74),
(103, 61793.7, '2000-05-08', 'BYU', 2081, 1, 87),
(104, 14663.4, '2014-08-02', 'Oregon State', 3163, 4, 45),
(105, 12841, '2007-01-13', 'Boise State', 4582, 12, 69),
(106, 64368.4, '2006-02-06', 'Oregon State', 1222, 4, 85),
(107, 69953.4, '1996-09-21', 'NYU', 5754, 3, 51),
(108, 19716.4, '1996-08-12', 'Nevada', 9220, 8, 96),
(109, 91578.4, '2015-09-16', 'University of Colorado', 2382, 11, 73),
(110, 19681.3, '2003-03-20', 'BYU', 2060, 1, 49),
(111, 91561.1, '2011-04-07', 'Oregon University', 4821, 14, 98),
(112, 30047.7, '2000-12-05', 'Boise State', 4849, 12, 14),
(113, 55961.3, '2008-11-03', 'Oregon University', 2788, 14, 87),
(114, 85851, '2010-01-09', 'Boise State', 6759, 12, 10),
(115, 50122, '2000-11-27', 'USU', 1112, 5, 16),
(116, 34941.8, '1997-01-22', 'Wyoming', 9499, 9, 85),
(117, 84081.2, '2008-11-25', 'SUU', 9569, 7, 54),
(118, 29570, '2009-07-20', 'BYU', 2272, 1, 54),
(119, 50413.6, '1999-09-30', 'Wyoming', 6329, 9, 37),
(120, 52716, '2014-04-23', 'Washington State', 6736, 13, 90),
(121, 49872.3, '2009-10-26', 'University of Colorado', 1875, 11, 11),
(122, 57514.4, '2014-10-05', 'SUU', 7945, 7, 91),
(123, 52317.2, '2011-12-07', 'ASU', 4339, 2, 55),
(124, 29613.7, '1996-02-11', 'Colorado State', 6947, 10, 58),
(125, 89940.3, '2007-05-30', 'SUU', 3132, 7, 62),
(126, 23087.4, '1997-05-30', 'Wyoming', 4699, 9, 8),
(127, 8277.18, '2010-05-27', 'USU', 9853, 5, 33),
(128, 19241.7, '2015-07-16', 'USU', 2461, 5, 21),
(129, 13328.8, '2000-12-15', 'NYU', 2086, 3, 19),
(130, 31550.1, '2016-07-08', 'BYU', 5677, 1, 42),
(131, 14631, '2014-07-29', 'SUU', 1680, 7, 78),
(132, 57512, '2007-09-24', 'SUU', 3893, 7, 44),
(133, 89188, '2007-11-09', 'Nevada', 4279, 8, 26),
(134, 38802.5, '2017-09-02', 'UVU', 6215, 6, 18),
(135, 45018.5, '2017-05-26', 'BYU', 3814, 1, 94),
(136, 83681.4, '2005-07-22', 'NYU', 5935, 3, 64),
(137, 69316.1, '1995-02-22', 'ASU', 4389, 2, 89),
(138, 56876.2, '2014-11-15', 'SUU', 8415, 7, 34),
(139, 87398, '2002-10-27', 'USU', 5048, 5, 33),
(140, 95395, '1995-07-25', 'NYU', 8321, 3, 90),
(141, 67038.3, '2003-02-08', 'Boise State', 4584, 12, 63),
(142, 16935.9, '2017-03-17', 'SUU', 6711, 7, 13),
(143, 24063.1, '1998-01-15', 'Oregon University', 4357, 14, 66),
(144, 79903.3, '2012-09-28', 'Boise State', 5610, 12, 70),
(145, 49353.9, '2003-08-14', 'NYU', 6040, 3, 87),
(146, 36639.8, '2000-07-18', 'USU', 9567, 5, 36),
(147, 21479.1, '2016-12-08', 'SUU', 8857, 7, 14),
(148, 37957.1, '2005-03-17', 'Oregon State', 5957, 4, 62),
(149, 8344.79, '2014-11-03', 'Colorado State', 1065, 10, 97),
(150, 31422.6, '2002-02-05', 'Oregon University', 9352, 14, 50),
(151, 73964.2, '2010-07-20', 'Oregon University', 5018, 14, 86),
(152, 83542.4, '1997-06-12', 'NYU', 8650, 3, 10),
(153, 89824.9, '2007-08-25', 'ASU', 5722, 2, 20),
(154, 2370.26, '1995-02-15', 'Wyoming', 5638, 9, 33),
(155, 31135.9, '2011-04-13', 'SUU', 5886, 7, 9),
(156, 79749.7, '1996-06-18', 'UVU', 9073, 6, 93),
(157, 77072.7, '1998-06-24', 'Washington State', 6769, 13, 20),
(158, 34960.5, '2014-05-14', 'Colorado State', 3937, 10, 33),
(159, 86700.3, '2016-10-09', 'BYU', 8068, 1, 38),
(160, 221.54, '2015-01-12', 'Oregon University', 9862, 14, 46),
(161, 26802.9, '2009-06-09', 'Nevada', 9866, 8, 94),
(162, 76955, '2014-09-13', 'USU', 2612, 5, 51),
(163, 39952.7, '1998-08-18', 'BYU', 6163, 1, 10),
(164, 73478.1, '2006-09-08', 'UVU', 6584, 6, 8),
(165, 87570.3, '2015-05-12', 'SUU', 8436, 7, 67),
(166, 51309.5, '2006-09-05', 'Oregon University', 8285, 14, 52),
(167, 44050.9, '1998-05-17', 'NYU', 3532, 3, 73),
(168, 4063.45, '1998-02-26', 'Colorado State', 2251, 10, 78),
(169, 23427.7, '2017-06-16', 'ASU', 4182, 2, 92),
(170, 44222.1, '2000-05-16', 'SUU', 5107, 7, 87),
(171, 85359, '2014-07-20', 'Oregon University', 6023, 14, 53),
(172, 75166.8, '2000-03-25', 'SUU', 7945, 7, 22),
(173, 24574.4, '2000-11-05', 'Washington State', 7120, 13, 35),
(174, 24385, '2010-08-18', 'UVU', 7978, 6, 74),
(175, 2534.46, '1998-12-05', 'Washington State', 1130, 13, 43),
(176, 20493.9, '2005-11-04', 'USU', 5925, 5, 6),
(177, 54647.1, '2012-12-16', 'Oregon State', 4835, 4, 32),
(178, 95633.6, '2008-03-24', 'Wyoming', 3552, 9, 8),
(179, 96609.3, '2000-03-01', 'ASU', 4587, 2, 47),
(180, 25604, '1995-06-11', 'UVU', 3071, 6, 83),
(181, 8078.74, '2017-07-26', 'Oregon State', 7695, 4, 22),
(182, 30005.9, '2017-08-25', 'Colorado State', 2967, 10, 24),
(183, 5405.31, '2015-03-15', 'UVU', 3110, 6, 15),
(184, 74446.7, '1995-04-27', 'University of Colorado', 9512, 11, 80),
(185, 41815.4, '2008-06-11', 'Wyoming', 4656, 9, 51),
(186, 27227.7, '2007-09-07', 'University of Colorado', 3088, 11, 84),
(187, 30677.1, '2009-09-15', 'University of Colorado', 6759, 11, 80),
(188, 37668.7, '1999-12-07', 'NYU', 9629, 3, 90),
(189, 22621.6, '2001-08-18', 'SUU', 4162, 7, 52),
(190, 28573.4, '2017-03-30', 'UVU', 9888, 6, 97),
(191, 78545.6, '2003-09-23', 'ASU', 7813, 2, 38),
(192, 58387.2, '2012-03-06', 'SUU', 3706, 7, 72),
(193, 9794.82, '2002-09-05', 'UVU', 5197, 6, 74),
(194, 54914.1, '2014-03-12', 'Nevada', 8315, 8, 53),
(195, 31069.1, '1998-06-17', 'Oregon State', 7310, 4, 11),
(196, 18432.2, '2012-04-27', 'Nevada', 5874, 8, 23),
(197, 25784.2, '2017-12-28', 'ASU', 5551, 2, 62),
(198, 61960.4, '2012-02-05', 'SUU', 8128, 7, 19),
(199, 31958.9, '2009-08-22', 'ASU', 7699, 2, 62),
(200, 32843, '2004-11-06', 'USU', 6685, 5, 58);

-- --------------------------------------------------------

--
-- Table structure for table `hourly_employee`
--

DROP TABLE IF EXISTS `hourly_employee`;
CREATE TABLE IF NOT EXISTS `hourly_employee` (
  `hourly_wage` float NOT NULL,
  `yearly_wage` float NOT NULL,
  `employee_id` int(10) UNSIGNED NOT NULL,
  KEY `employee_id` (`employee_id`)
) ENGINE=InnoDB DEFAULT CHARSET=latin1;

--
-- Dumping data for table `hourly_employee`
--

INSERT INTO `hourly_employee` (`hourly_wage`, `yearly_wage`, `employee_id`) VALUES
(23.4012, 48674.4, 2),
(10.4404, 21716, 4),
(12.8372, 26701.4, 5),
(14.2815, 29705.5, 6),
(14.1181, 29365.7, 10),
(9.97852, 20755.3, 13),
(24.8868, 51764.5, 14),
(17.2662, 35913.8, 15),
(10.3728, 21575.4, 19),
(11.2754, 23452.9, 20),
(10.5621, 21969.2, 21),
(25.4996, 53039.1, 22),
(21.9918, 45742.9, 23),
(25.5849, 53216.6, 26),
(26.4369, 54988.7, 27),
(16.2776, 33857.4, 28),
(13.2646, 27590.4, 29),
(12.2664, 25514, 35),
(19.9528, 41501.8, 36),
(19.653, 40878.3, 38),
(20.4999, 42639.7, 41),
(12.3936, 25778.7, 42),
(22.4075, 46607.6, 43),
(16.3843, 34079.4, 45),
(12.2546, 25489.7, 50),
(17.3978, 36187.5, 51),
(9.99856, 20797, 52),
(18.913, 39339.1, 55),
(9.48094, 19720.3, 57),
(10.4941, 21827.8, 59),
(25.4283, 52890.8, 60),
(25.8047, 53673.8, 61),
(20.2378, 42094.6, 66),
(22.16, 46092.8, 70),
(20.6837, 43022, 71),
(25.8354, 53737.6, 74),
(26.2057, 54507.9, 76),
(24.8377, 51662.4, 77),
(10.4655, 21768.2, 79),
(14.4508, 30057.6, 81),
(12.7546, 26529.6, 82),
(14.9421, 31079.5, 83),
(18.3386, 38144.3, 85),
(11.7663, 24473.8, 88),
(22.3891, 46569.3, 91),
(14.4627, 30082.4, 97);

-- --------------------------------------------------------

--
-- Table structure for table `salary_employee`
--

DROP TABLE IF EXISTS `salary_employee`;
CREATE TABLE IF NOT EXISTS `salary_employee` (
  `salary` float NOT NULL,
  `employee_id` int(10) UNSIGNED NOT NULL,
  KEY `employee_id` (`employee_id`)
) ENGINE=InnoDB DEFAULT CHARSET=latin1;

--
-- Dumping data for table `salary_employee`
--

INSERT INTO `salary_employee` (`salary`, `employee_id`) VALUES
(79254.6, 1),
(155172, 3),
(54518.8, 7),
(108112, 8),
(186740, 9),
(104098, 11),
(183476, 12),
(197810, 16),
(72082.3, 17),
(71665.2, 18),
(152679, 24),
(124427, 25),
(70294.8, 30),
(133344, 31),
(140223, 32),
(150267, 33),
(189336, 34),
(180619, 37),
(168474, 39),
(198622, 40),
(120707, 44),
(142069, 46),
(104539, 47),
(168429, 48),
(194602, 49),
(129721, 53),
(156898, 54),
(117018, 56),
(102572, 58),
(64665.2, 62),
(159623, 63),
(195688, 64),
(166940, 65),
(160110, 67),
(97536.8, 68),
(107497, 69),
(94348.2, 72),
(197015, 73),
(120429, 75),
(75527, 78),
(114811, 80),
(187352, 84),
(89359.6, 86),
(159067, 87),
(131561, 89),
(181413, 90),
(114515, 92),
(191668, 93),
(198185, 94),
(111322, 95),
(154178, 96),
(93416.5, 98),
(88496.7, 99),
(101157, 100);

-- --------------------------------------------------------

--
-- Table structure for table `scholarship`
--

DROP TABLE IF EXISTS `scholarship`;
CREATE TABLE IF NOT EXISTS `scholarship` (
  `id` int(10) UNSIGNED NOT NULL AUTO_INCREMENT,
  `type` varchar(128) NOT NULL,
  `amount` float NOT NULL,
  `athlete_id` int(10) UNSIGNED NOT NULL,
  PRIMARY KEY (`id`),
  KEY `athlete_id` (`athlete_id`)
) ENGINE=InnoDB AUTO_INCREMENT=299 DEFAULT CHARSET=latin1;

--
-- Dumping data for table `scholarship`
--

INSERT INTO `scholarship` (`id`, `type`, `amount`, `athlete_id`) VALUES
(1, 'graduate', 6368.27, 1),
(2, 'full', 6088.54, 2),
(3, 'partial', 5546.85, 3),
(4, 'graduate', 1667.25, 4),
(5, 'partial', 5176.61, 5),
(6, 'partial', 3422.38, 6),
(7, 'full', 5240.87, 7),
(8, 'graduate', 7541.46, 8),
(9, 'full', 179.01, 9),
(10, 'partial', 9223.72, 10),
(11, 'graduate', 8945.63, 11),
(12, 'full', 3353.77, 12),
(13, 'partial', 2670.44, 13),
(14, 'partial', 7731.85, 14),
(15, 'full', 6188.15, 15),
(16, 'partial', 1765.21, 16),
(17, 'full', 9334.62, 17),
(18, 'graduate', 6284.91, 18),
(19, 'partial', 6143.78, 19),
(20, 'full', 7477.78, 20),
(21, 'graduate', 9704.84, 21),
(22, 'partial', 4367.66, 22),
(23, 'partial', 2644.72, 23),
(24, 'partial', 4184.26, 24),
(25, 'graduate', 8503.01, 25),
(26, 'full', 383.77, 26),
(27, 'full', 5130.08, 27),
(28, 'full', 2062.68, 28),
(29, 'graduate', 6230.25, 29),
(30, 'full', 1095.51, 30),
(31, 'full', 4587.66, 31),
(32, 'partial', 8438.03, 32),
(33, 'full', 7210.11, 33),
(34, 'partial', 8230.3, 34),
(35, 'graduate', 4682.92, 35),
(36, 'partial', 6105.98, 36),
(37, 'graduate', 8422.81, 37),
(38, 'full', 5190.35, 38),
(39, 'partial', 5853.66, 39),
(40, 'partial', 4225.76, 40),
(41, 'partial', 8867.48, 41),
(42, 'partial', 4546.16, 42),
(43, 'graduate', 8002.64, 43),
(44, 'graduate', 6483.35, 44),
(45, 'graduate', 4942.63, 45),
(46, 'partial', 428.8, 46),
(47, 'graduate', 5640.21, 47),
(48, 'graduate', 6959.21, 48),
(49, 'partial', 1411.04, 49),
(50, 'full', 188.06, 50),
(51, 'full', 1489.67, 51),
(52, 'partial', 5932.86, 52),
(53, 'graduate', 7391.3, 53),
(54, 'partial', 5343.55, 54),
(55, 'partial', 1627.81, 55),
(56, 'full', 4177.56, 56),
(57, 'graduate', 2946.24, 57),
(58, 'graduate', 681.46, 58),
(59, 'graduate', 3688.57, 59),
(60, 'graduate', 5024.69, 60),
(61, 'partial', 4747.12, 61),
(62, 'partial', 9529.17, 62),
(63, 'full', 5149.85, 63),
(64, 'partial', 3795.79, 64),
(65, 'graduate', 7167.37, 65),
(66, 'graduate', 2392.26, 66),
(67, 'partial', 5871.26, 67),
(68, 'graduate', 3148.33, 68),
(69, 'graduate', 7413.3, 69),
(70, 'full', 3748.58, 70),
(71, 'partial', 9392.54, 71),
(72, 'graduate', 4293.74, 72),
(73, 'partial', 5393.67, 73),
(74, 'graduate', 6285.03, 74),
(75, 'graduate', 914.33, 75),
(76, 'full', 6045.94, 76),
(77, 'partial', 8771.35, 77),
(78, 'partial', 8007.58, 78),
(79, 'partial', 8157.16, 79),
(80, 'partial', 6460.46, 80),
(81, 'partial', 9917.31, 81),
(82, 'graduate', 683.07, 82),
(83, 'full', 9797.08, 83),
(84, 'full', 9926.7, 84),
(85, 'partial', 3603.63, 85),
(86, 'partial', 3914.4, 86),
(87, 'graduate', 9102.01, 87),
(88, 'graduate', 5605.89, 88),
(89, 'full', 3418.86, 89),
(90, 'full', 3417.66, 90),
(91, 'full', 8111.03, 91),
(92, 'graduate', 3939.27, 92),
(93, 'full', 1534.57, 93),
(94, 'graduate', 4336.4, 94),
(95, 'full', 542.71, 95),
(96, 'partial', 2516.57, 96),
(97, 'full', 6262.2, 97),
(98, 'partial', 2537.95, 98),
(99, 'partial', 2216.36, 99),
(100, 'full', 2166.37, 100),
(101, 'full', 6747.05, 101),
(102, 'partial', 4043.75, 102),
(103, 'graduate', 3605.85, 103),
(104, 'partial', 5890.76, 104),
(105, 'partial', 6634.43, 105),
(106, 'graduate', 5429.76, 106),
(107, 'full', 7517.7, 107),
(108, 'graduate', 6734.4, 108),
(109, 'partial', 2258.89, 109),
(110, 'full', 8395.04, 110),
(111, 'graduate', 4461.99, 111),
(112, 'graduate', 9193.37, 112),
(113, 'full', 2006.58, 113),
(114, 'graduate', 2223.05, 114),
(115, 'full', 6160.16, 115),
(116, 'partial', 3586.42, 116),
(117, 'full', 4074.72, 117),
(118, 'partial', 8459.67, 118),
(119, 'full', 6270.23, 119),
(120, 'partial', 1630.84, 120),
(121, 'partial', 6518.6, 121),
(122, 'full', 3151.04, 122),
(123, 'partial', 5580.97, 123),
(124, 'full', 7338.72, 124),
(125, 'graduate', 1438.69, 125),
(126, 'partial', 4646.44, 126),
(127, 'graduate', 7019.39, 127),
(128, 'full', 3709.27, 128),
(129, 'graduate', 9198.16, 129),
(130, 'graduate', 2566.33, 130),
(131, 'partial', 3333.07, 131),
(132, 'graduate', 4290.97, 132),
(133, 'partial', 1309.8, 133),
(134, 'full', 7423.74, 134),
(135, 'partial', 5173.43, 135),
(136, 'full', 819.42, 136),
(137, 'partial', 4905.18, 137),
(138, 'full', 7951.02, 138),
(139, 'graduate', 908.12, 139),
(140, 'partial', 1125.94, 140),
(141, 'full', 8481.26, 141),
(142, 'partial', 6772.6, 142),
(143, 'graduate', 2062.65, 143),
(144, 'full', 951.85, 144),
(145, 'partial', 3732.21, 145),
(146, 'graduate', 4016.63, 146),
(147, 'partial', 2583.19, 147),
(148, 'partial', 5191.93, 148),
(149, 'graduate', 7991.21, 149),
(150, 'partial', 5824.53, 150),
(151, 'partial', 374.07, 151),
(152, 'partial', 2376.62, 152),
(153, 'partial', 5967.97, 153),
(154, 'full', 7922.25, 154),
(155, 'graduate', 4345.1, 155),
(156, 'graduate', 8635.04, 156),
(157, 'graduate', 4259.92, 157),
(158, 'partial', 9622.29, 158),
(159, 'partial', 849.12, 159),
(160, 'full', 8890.39, 160),
(161, 'full', 4140.2, 161),
(162, 'partial', 2812.95, 162),
(163, 'partial', 4360.77, 163),
(164, 'full', 7263.09, 164),
(165, 'full', 8024.88, 165),
(166, 'full', 9778.67, 166),
(167, 'full', 3027.69, 167),
(168, 'graduate', 188.32, 168),
(169, 'graduate', 1988.84, 169),
(170, 'full', 3938.91, 170),
(171, 'partial', 8341.41, 171),
(172, 'full', 348.91, 172),
(173, 'partial', 4605.25, 173),
(174, 'full', 1985.75, 174),
(175, 'full', 1533.23, 175),
(176, 'full', 8410.12, 176),
(177, 'partial', 6594.64, 177),
(178, 'partial', 908.76, 178),
(179, 'graduate', 5774.46, 179),
(180, 'graduate', 4357.72, 180),
(181, 'graduate', 2837.86, 181),
(182, 'graduate', 6847.93, 182),
(183, 'partial', 7321.89, 183),
(184, 'full', 9171.77, 184),
(185, 'full', 5656.17, 185),
(186, 'graduate', 5476.39, 186),
(187, 'full', 1773.11, 187),
(188, 'partial', 776.33, 188),
(189, 'partial', 8532.71, 189),
(190, 'graduate', 5203.21, 190),
(191, 'partial', 8909.84, 191),
(192, 'graduate', 730.91, 192),
(193, 'partial', 6639.43, 193),
(194, 'partial', 6646.7, 194),
(195, 'full', 860.36, 195),
(196, 'graduate', 7225.87, 196),
(197, 'full', 6597.6, 197),
(198, 'partial', 5224.96, 198),
(199, 'partial', 1810.44, 199),
(200, 'full', 1520.09, 200),
(201, 'partial', 1846.75, 201),
(202, 'full', 5782.47, 202),
(203, 'full', 4576.67, 203),
(204, 'graduate', 7204.41, 204),
(205, 'partial', 9877.75, 205),
(206, 'graduate', 865.36, 206),
(207, 'partial', 4807.95, 207),
(208, 'graduate', 7874.04, 208),
(209, 'full', 5340.55, 209),
(210, 'full', 3441.08, 210),
(211, 'graduate', 1324.85, 211),
(212, 'partial', 7682.55, 212),
(213, 'full', 5182.45, 213),
(214, 'partial', 2842.11, 214),
(215, 'partial', 7436.51, 215),
(216, 'partial', 289.98, 216),
(217, 'full', 6243.84, 217),
(218, 'full', 8029.11, 218),
(219, 'graduate', 4559.57, 219),
(220, 'partial', 4020.31, 220),
(221, 'graduate', 5380.83, 221),
(222, 'partial', 9659.68, 222),
(223, 'full', 5621.44, 223),
(224, 'partial', 8470.12, 224),
(225, 'graduate', 8207.03, 225),
(226, 'full', 3362.22, 226),
(227, 'graduate', 3135.6, 227),
(228, 'partial', 7599.87, 228),
(229, 'partial', 6657.38, 229),
(230, 'partial', 8841.45, 230),
(231, 'partial', 9507.56, 231),
(232, 'partial', 1894.21, 232),
(233, 'full', 4249.97, 233),
(234, 'graduate', 338.74, 234),
(235, 'graduate', 5833.82, 235),
(236, 'full', 7426.18, 236),
(237, 'graduate', 9778.35, 237),
(238, 'full', 1069.94, 238),
(239, 'partial', 8704.62, 239),
(240, 'graduate', 7774.66, 240),
(241, 'partial', 6562.01, 241),
(242, 'full', 2674.38, 242),
(243, 'partial', 3480.87, 243),
(244, 'full', 6192.75, 244),
(245, 'graduate', 587.73, 245),
(246, 'graduate', 8023.83, 246),
(247, 'full', 1230.34, 247),
(248, 'graduate', 5995.05, 248),
(249, 'partial', 589.09, 249),
(250, 'graduate', 8639.86, 250),
(251, 'partial', 6896.9, 251),
(252, 'graduate', 3478.83, 252),
(253, 'full', 7043.43, 253),
(254, 'full', 6739.64, 254),
(255, 'partial', 9122.1, 255),
(256, 'graduate', 7011.26, 256),
(257, 'graduate', 302.58, 257),
(258, 'partial', 9321.59, 258),
(259, 'graduate', 948.92, 259),
(260, 'partial', 2382.48, 260),
(261, 'full', 3135.78, 261),
(262, 'partial', 8642.4, 262),
(263, 'graduate', 7452.52, 263),
(264, 'partial', 6953.74, 264),
(265, 'graduate', 8685.68, 265),
(266, 'partial', 6758.82, 266),
(267, 'partial', 5446.86, 267),
(268, 'graduate', 1546.41, 268),
(269, 'partial', 1371.71, 269),
(270, 'graduate', 8519.79, 270),
(271, 'full', 2260.34, 271),
(272, 'graduate', 8049.76, 272),
(273, 'partial', 433.29, 273),
(274, 'full', 3039.53, 274),
(275, 'full', 8973.04, 275),
(276, 'graduate', 7290.41, 276),
(277, 'full', 6394.59, 277),
(278, 'partial', 439.98, 278),
(279, 'full', 3737.02, 279),
(280, 'full', 734.05, 280),
(281, 'partial', 4748.47, 281),
(282, 'graduate', 1364.36, 282),
(283, 'partial', 8818.6, 283),
(284, 'partial', 7722.16, 284),
(285, 'partial', 549.76, 285),
(286, 'partial', 8387.54, 286),
(287, 'graduate', 1136.36, 287),
(288, 'partial', 3654.62, 288),
(289, 'full', 6201.84, 289),
(290, 'full', 1092.74, 290),
(291, 'partial', 267.56, 291),
(292, 'full', 1928.91, 292),
(293, 'full', 2040.91, 293),
(294, 'partial', 4424.91, 294),
(295, 'partial', 7232.52, 295),
(296, 'full', 3318.98, 296),
(297, 'graduate', 1291.57, 297),
(298, 'full', 5499.1, 298);

-- --------------------------------------------------------

--
-- Table structure for table `team`
--

DROP TABLE IF EXISTS `team`;
CREATE TABLE IF NOT EXISTS `team` (
  `id` int(10) UNSIGNED NOT NULL AUTO_INCREMENT,
  `team_type` varchar(128) NOT NULL,
  `rank` int(10) UNSIGNED DEFAULT NULL,
  `record` varchar(10) DEFAULT NULL,
  `start_date` date NOT NULL,
  `end_date` date DEFAULT NULL,
  PRIMARY KEY (`id`)
) ENGINE=InnoDB AUTO_INCREMENT=15 DEFAULT CHARSET=latin1;

--
-- Dumping data for table `team`
--

INSERT INTO `team` (`id`, `team_type`, `rank`, `record`, `start_date`, `end_date`) VALUES
(1, 'mens hockey', 2, '5-12-18', '1994-06-16', NULL),
(2, 'womens hockey', 1, '7-3-6', '2004-01-11', NULL),
(3, 'mens basketball', 4, '9-11-13', '1995-05-08', NULL),
(4, 'womens basketball', 3, '4-3-9', '1997-11-06', NULL),
(5, 'baseball', 6, '1-3-15', '1983-03-27', NULL),
(6, 'softball', 8, '8-12-19', '2009-02-28', NULL),
(7, 'mens soccer', 3, '4-6-18', '2006-07-01', NULL),
(8, 'womens soccer', 9, '9-10-15', '1985-12-15', NULL),
(9, 'field hockey', 3, '3-18-12', '1983-10-26', NULL),
(10, 'polo', 6, '7-14-2', '2000-10-07', NULL),
(11, 'mens lacrosse', 7, '5-17-2', '1995-09-13', NULL),
(12, 'womens lacrosse', 8, '4-8-19', '2006-02-02', NULL),
(13, 'football', 9, '7-16-8', '1996-07-01', NULL),
(14, 'gymnastics', 1, '2-8-5', '1983-11-23', NULL);

-- --------------------------------------------------------

--
-- Table structure for table `user`
--

DROP TABLE IF EXISTS `user`;
CREATE TABLE IF NOT EXISTS `user` (
  `id` int(10) UNSIGNED NOT NULL AUTO_INCREMENT,
  `username` varchar(128) NOT NULL,
  `fname` varchar(128) NOT NULL,
  `lname` varchar(128) NOT NULL,
  `role` varchar(128) NOT NULL,
  `password` varchar(128) NOT NULL,
  PRIMARY KEY (`id`)
) ENGINE=InnoDB AUTO_INCREMENT=11 DEFAULT CHARSET=latin1;

--
-- Dumping data for table `user`
--

INSERT INTO `user` (`id`, `username`, `fname`, `lname`, `role`, `password`) VALUES
(10, 'test', 'test', 'test', 'test', '18598a73b272f84214fe8452bd481252');

-- --------------------------------------------------------

--
-- Table structure for table `venue`
--

DROP TABLE IF EXISTS `venue`;
CREATE TABLE IF NOT EXISTS `venue` (
  `id` int(10) UNSIGNED NOT NULL AUTO_INCREMENT,
  `venue_name` varchar(128) NOT NULL,
  `street_venue` varchar(128) DEFAULT NULL,
  `city_venue` varchar(128) DEFAULT NULL,
  `state_venue` varchar(128) DEFAULT NULL,
  `zip_venue` char(5) DEFAULT NULL,
  `fees` float DEFAULT NULL,
  PRIMARY KEY (`id`)
) ENGINE=InnoDB AUTO_INCREMENT=100 DEFAULT CHARSET=latin1;

--
-- Dumping data for table `venue`
--

INSERT INTO `venue` (`id`, `venue_name`, `street_venue`, `city_venue`, `state_venue`, `zip_venue`, `fees`) VALUES
(1, 'Utah Stadium', '4335 South 6150 West', 'Salt Lake City', 'UT', '84101', 8799.07),
(2, 'Arizona Field', '3993 North 4829 West', 'Phoenix', 'AZ', '76102', 8447.38),
(3, 'Oregon Stadium', '5849 North 4126 East', 'Portland', 'OR', '12958', 1657.4),
(4, 'BYU Arena', '8167 South 7886 East', 'Provo', 'UT', '75673', 8277.29),
(5, 'BYU Stadium', '7099 South 2114 East', 'Provo', 'UT', '75673', 4338.4),
(6, 'USC Field', '3609 South 1575 West', 'Los Angeles', 'CA', '26848', 6278.03),
(7, 'Cal State Place', '9337 South 9195 West', 'Berkley', 'CA', '84050', 8473.95),
(8, 'South Dakota Arena', '6057 South 3356 West', 'Pierre', 'SD', '73520', 1098.2),
(9, 'BYU Place', '8094 South 1595 East', 'Provo', 'UT', '75673', 9556.82),
(10, 'USC Place', '8021 North 7247 East', 'Los Angeles', 'CA', '26848', 961.86),
(11, 'BYU Arena', '7721 South 8066 West', 'Provo', 'UT', '75673', 6658.64),
(12, 'Arizona Stadium', '7340 South 3537 West', 'Phoenix', 'AZ', '76102', 7001.99),
(13, 'Cal State Place', '1666 South 6908 West', 'Berkley', 'CA', '84050', 2738.94),
(14, 'Utah Field', '5512 North 7974 West', 'Salt Lake City', 'UT', '84101', 579.37),
(15, 'Oregon Stadium', '3912 South 2716 West', 'Portland', 'OR', '12958', 7023.61),
(16, 'Cal State Arena', '8581 South 7149 West', 'Berkley', 'CA', '84050', 3098.57),
(17, 'BYU Arena', '2720 North 6945 West', 'Provo', 'UT', '75673', 858.8),
(18, 'Arizona Center', '2459 North 1791 West', 'Phoenix', 'AZ', '76102', 7398.86),
(19, 'Nevada Field', '8206 South 7024 West', 'Las Vegas', 'NV', '19837', 3087.4),
(20, 'BYU Field', '2867 North 9391 East', 'Provo', 'UT', '75673', 1765.29),
(21, 'ASU Field', '4010 South 2597 West', 'Tempe', 'AZ', '85765', 6333.11),
(22, 'BYU Center', '9781 North 3838 East', 'Provo', 'UT', '75673', 6124.19),
(23, 'Utah Field', '3556 North 1797 East', 'Salt Lake City', 'UT', '84101', 4670.68),
(24, 'ASU Center', '7622 South 4176 West', 'Tempe', 'AZ', '85765', 5140.74),
(25, 'Utah Place', '3502 South 8518 West', 'Salt Lake City', 'UT', '84101', 2520.16),
(26, 'North Dakota Field', '9821 North 2033 West', 'Bismarck', 'ND', '28895', 9791.8),
(27, 'BYU Arena', '4879 North 5361 West', 'Provo', 'UT', '75673', 3002.86),
(28, 'South Dakota Center', '2493 North 1673 West', 'Pierre', 'SD', '73520', 8916.52),
(29, 'South Dakota Center', '3017 North 5880 West', 'Pierre', 'SD', '73520', 5866.53),
(30, 'USC Center', '8004 North 3498 West', 'Los Angeles', 'CA', '26848', 1978),
(31, 'South Dakota Stadium', '1012 North 5765 East', 'Pierre', 'SD', '73520', 1746.08),
(32, 'Oregon Stadium', '6319 South 9116 West', 'Portland', 'OR', '12958', 544.31),
(33, 'Washington Stadium', '8265 North 6433 West', 'Seattle', 'WA', '56290', 1139.29),
(34, 'Cal State Arena', '6155 South 3178 East', 'Berkley', 'CA', '84050', 7427.21),
(35, 'BYU Center', '7059 North 3624 East', 'Provo', 'UT', '75673', 1780.2),
(36, 'South Dakota Field', '5495 North 5793 West', 'Pierre', 'SD', '73520', 514.97),
(37, 'BYU Stadium', '4661 South 7800 East', 'Provo', 'UT', '75673', 7840.43),
(38, 'Arizona Arena', '2232 North 5679 East', 'Phoenix', 'AZ', '76102', 7587.54),
(39, 'Oregon Center', '3919 South 2846 East', 'Portland', 'OR', '12958', 838.49),
(40, 'USC Arena', '9237 North 4193 West', 'Los Angeles', 'CA', '26848', 6868.39),
(41, 'ASU Stadium', '7163 South 1544 West', 'Tempe', 'AZ', '85765', 5710.61),
(42, 'BYU Center', '8175 South 1289 East', 'Provo', 'UT', '75673', 5763.99),
(43, 'USC Stadium', '6696 North 9502 West', 'Los Angeles', 'CA', '26848', 7877.42),
(44, 'South Dakota Stadium', '5969 North 9344 East', 'Pierre', 'SD', '73520', 2496.43),
(45, 'USC Arena', '8767 North 2839 West', 'Los Angeles', 'CA', '26848', 2530.78),
(46, 'BYU Field', '6636 South 7841 West', 'Provo', 'UT', '75673', 5099.39),
(47, 'South Dakota Stadium', '9039 South 5238 West', 'Pierre', 'SD', '73520', 9756.15),
(48, 'ASU Field', '8775 South 6905 West', 'Tempe', 'AZ', '85765', 5985.01),
(49, 'BYU Field', '9536 North 2898 West', 'Provo', 'UT', '75673', 3918.19),
(50, 'Cal State Stadium', '4128 North 2509 East', 'Berkley', 'CA', '84050', 7474.24),
(51, 'Nevada Arena', '6073 North 3899 East', 'Las Vegas', 'NV', '19837', 7178.33),
(52, 'BYU Place', '9790 North 9539 East', 'Provo', 'UT', '75673', 9835.69),
(53, 'USC Center', '4681 North 7277 East', 'Los Angeles', 'CA', '26848', 985.37),
(54, 'North Dakota Place', '1103 South 2568 West', 'Bismarck', 'ND', '28895', 3370.62),
(55, 'BYU Place', '6997 North 8981 West', 'Provo', 'UT', '75673', 8370.63),
(56, 'Washington Stadium', '1891 North 9691 West', 'Seattle', 'WA', '56290', 6283.1),
(57, 'Cal State Arena', '2109 North 6411 West', 'Berkley', 'CA', '84050', 8418.06),
(58, 'South Dakota Stadium', '9121 South 6004 West', 'Pierre', 'SD', '73520', 2703.45),
(59, 'Cal State Stadium', '7203 North 2619 East', 'Berkley', 'CA', '84050', 7467.22),
(60, 'Cal State Arena', '3977 North 1875 East', 'Berkley', 'CA', '84050', 8413.14),
(61, 'BYU Center', '7214 South 1354 West', 'Provo', 'UT', '75673', 5621.36),
(62, 'BYU Field', '5769 North 3805 East', 'Provo', 'UT', '75673', 133.11),
(63, 'BYU Stadium', '3370 South 9785 East', 'Provo', 'UT', '75673', 8698.59),
(64, 'Oregon Place', '5690 South 6479 West', 'Portland', 'OR', '12958', 2870.62),
(65, 'Utah Arena', '9865 North 4176 East', 'Salt Lake City', 'UT', '84101', 4473.46),
(66, 'BYU Center', '5832 North 2069 West', 'Provo', 'UT', '75673', 3371.16),
(67, 'USC Place', '2385 North 9324 East', 'Los Angeles', 'CA', '26848', 3837.48),
(68, 'North Dakota Arena', '6697 North 9036 East', 'Bismarck', 'ND', '28895', 4022.69),
(69, 'Arizona Stadium', '7942 North 6407 West', 'Phoenix', 'AZ', '76102', 7596.85),
(70, 'Washington Center', '5041 South 2977 West', 'Seattle', 'WA', '56290', 5708.83),
(71, 'North Dakota Field', '8712 North 4781 East', 'Bismarck', 'ND', '28895', 5971.36),
(72, 'Oregon Arena', '6462 North 3144 East', 'Portland', 'OR', '12958', 5593.96),
(73, 'BYU Arena', '5161 North 5588 West', 'Provo', 'UT', '75673', 2513.74),
(74, 'Cal State Stadium', '4625 North 5827 East', 'Berkley', 'CA', '84050', 9193.33),
(75, 'Utah Stadium', '5878 North 4228 West', 'Salt Lake City', 'UT', '84101', 8945.27),
(76, 'Washington Field', '4962 North 9448 East', 'Seattle', 'WA', '56290', 351.37),
(77, 'USC Center', '3300 South 6710 East', 'Los Angeles', 'CA', '26848', 1643.08),
(78, 'ASU Center', '1541 North 2212 East', 'Tempe', 'AZ', '85765', 7240.07),
(79, 'BYU Field', '7558 South 6805 East', 'Provo', 'UT', '75673', 6262.75),
(80, 'ASU Field', '8203 North 7078 West', 'Tempe', 'AZ', '85765', 3156.21),
(81, 'Nevada Place', '8705 South 2725 East', 'Las Vegas', 'NV', '19837', 5274.93),
(82, 'Cal State Arena', '9213 North 2914 East', 'Berkley', 'CA', '84050', 7756.01),
(83, 'Utah Field', '3355 North 2262 East', 'Salt Lake City', 'UT', '84101', 1333.63),
(84, 'Cal State Place', '7771 South 3899 West', 'Berkley', 'CA', '84050', 3376.2),
(85, 'USC Field', '9831 South 4892 West', 'Los Angeles', 'CA', '26848', 5700.69),
(86, 'ASU Place', '8070 North 4241 West', 'Tempe', 'AZ', '85765', 6007.94),
(87, 'ASU Place', '8845 North 5257 East', 'Tempe', 'AZ', '85765', 1476.88),
(88, 'South Dakota Center', '6955 South 5333 East', 'Pierre', 'SD', '73520', 1897.98),
(89, 'Cal State Stadium', '7928 North 3739 East', 'Berkley', 'CA', '84050', 3406.04),
(90, 'North Dakota Stadium', '6260 North 7465 West', 'Bismarck', 'ND', '28895', 5823.73),
(91, 'ASU Center', '1881 North 9604 East', 'Tempe', 'AZ', '85765', 385.06),
(92, 'Arizona Stadium', '1536 South 5069 East', 'Phoenix', 'AZ', '76102', 7775.17),
(93, 'USC Field', '4647 North 4598 West', 'Los Angeles', 'CA', '26848', 7408.94),
(94, 'BYU Stadium', '5002 North 4170 West', 'Provo', 'UT', '75673', 5507.99),
(95, 'North Dakota Stadium', '5455 South 1108 West', 'Bismarck', 'ND', '28895', 9098.72),
(96, 'Cal State Place', '1669 South 8015 East', 'Berkley', 'CA', '84050', 7752.69),
(97, 'Oregon Place', '7252 South 2571 West', 'Portland', 'OR', '12958', 3551.23),
(98, 'BYU Center', '7503 North 1580 East', 'Provo', 'UT', '75673', 3070.31),
(99, 'South Dakota Arena', '2291 North 1471 West', 'Pierre', 'SD', '73520', 1355.08);

--
-- Constraints for dumped tables
--

--
-- Constraints for table `athlete`
--
ALTER TABLE `athlete`
  ADD CONSTRAINT `athlete_ibfk_1` FOREIGN KEY (`team_id`) REFERENCES `team` (`id`);

--
-- Constraints for table `employee`
--
ALTER TABLE `employee`
  ADD CONSTRAINT `employee_ibfk_1` FOREIGN KEY (`team_id`) REFERENCES `team` (`id`);

--
-- Constraints for table `equipment_purpose`
--
ALTER TABLE `equipment_purpose`
  ADD CONSTRAINT `equipment_purpose_ibfk_1` FOREIGN KEY (`equipment_id`) REFERENCES `equipment` (`id`),
  ADD CONSTRAINT `equipment_purpose_ibfk_2` FOREIGN KEY (`team_id`) REFERENCES `team` (`id`);

--
-- Constraints for table `event`
--
ALTER TABLE `event`
  ADD CONSTRAINT `event_ibfk_1` FOREIGN KEY (`team_id`) REFERENCES `team` (`id`),
  ADD CONSTRAINT `event_ibfk_2` FOREIGN KEY (`venue_id`) REFERENCES `venue` (`id`);

--
-- Constraints for table `hourly_employee`
--
ALTER TABLE `hourly_employee`
  ADD CONSTRAINT `hourly_employee_ibfk_1` FOREIGN KEY (`employee_id`) REFERENCES `employee` (`id`);

--
-- Constraints for table `salary_employee`
--
ALTER TABLE `salary_employee`
  ADD CONSTRAINT `salary_employee_ibfk_1` FOREIGN KEY (`employee_id`) REFERENCES `employee` (`id`);

--
-- Constraints for table `scholarship`
--
ALTER TABLE `scholarship`
  ADD CONSTRAINT `scholarship_ibfk_1` FOREIGN KEY (`athlete_id`) REFERENCES `athlete` (`id`);
COMMIT;

/*!40101 SET CHARACTER_SET_CLIENT=@OLD_CHARACTER_SET_CLIENT */;
/*!40101 SET CHARACTER_SET_RESULTS=@OLD_CHARACTER_SET_RESULTS */;
/*!40101 SET COLLATION_CONNECTION=@OLD_COLLATION_CONNECTION */;
